No.,Time,Length
1,0,615
2,0.004536786,99
3,0.011068949,615
4,0.01934177,112
5,0.020215227,647
6,0.027143205,99
7,0.030700756,863
8,0.048439713,105
9,0.048699686,863
10,0.048913126,60
11,0.049522326,114
12,0.050750185,99
13,0.058503758,719
14,0.065564815,118
15,0.067228199,112
16,0.069227328,719
17,0.070406649,99
18,0.079498695,171
19,0.080528119,719
20,0.090273868,719
21,0.091876058,99
22,0.102247293,719
23,0.117250963,751
24,0.117844721,113
25,0.11883699,119
26,0.119145452,99
27,0.129885876,1315
28,0.130080753,119
29,0.139632495,603
30,0.140960841,99
31,0.150356939,603
32,0.150357453,603
33,0.152592247,99
34,0.162722997,603
35,0.168092356,120
36,0.168610839,206
37,0.169899094,118
38,0.172032632,603
39,0.173579759,99
40,0.179145972,78
41,0.179194743,54
42,0.179627082,82
43,0.180132763,60
44,0.180671582,118
45,0.183413588,101
46,0.183414125,635
47,0.18758344,105
48,0.187741955,101
49,0.188121745,60
50,0.193694815,859
51,0.207951474,99
52,0.212089371,859
53,0.22492001,99
54,0.227283743,120
55,0.227580762,99
56,0.228342582,54
57,0.23093659,158
58,0.234854733,113
59,0.236516969,635
60,0.242482315,635
61,0.243286103,99
62,0.252771293,635
63,0.26262658,631
64,0.263534729,99
65,0.272892918,115
66,0.273614077,111
67,0.274955988,631
68,0.284924879,663
69,0.285881103,99
70,0.286727843,156
71,0.298161208,815
72,0.30463538,815
73,0.310865001,99
74,0.316480145,106
75,0.32094843,168
76,0.321519746,60
77,0.327998427,623
78,0.33688961,179
79,0.338164949,619
80,0.33906075,99
81,0.341558415,165
82,0.349390611,619
83,0.363647336,619
84,0.365165514,99
85,0.371450128,384
86,0.37187921,60
87,0.373375192,619
88,0.373375356,651
89,0.37454446,99
90,0.37672925,106
91,0.3767296,146
92,0.377451937,158
93,0.378372157,106
94,0.378624116,156
95,0.381073689,392
96,0.381553286,60
97,0.389760143,175
98,0.394879399,146
99,0.401526396,823
100,0.401526595,823
101,0.403569586,99
102,0.420366217,639
103,0.420366729,639
104,0.426708211,99
105,0.437103947,129
106,0.440005712,639
107,0.440006216,639
108,0.441481678,99
109,0.442064825,123
110,0.455336389,671
111,0.455336773,639
112,0.457070153,103
113,0.457948617,114
114,0.458444133,117
115,0.488039535,891
116,0.489359344,103
117,0.496201432,144
118,0.496569943,119
119,0.498522509,679
120,0.499746426,103
121,0.510711748,679
122,0.515245864,114
123,0.524565732,103
124,0.524750286,108
125,0.536389122,679
126,0.537457442,107
127,0.548215775,124
128,0.561965659,122
129,0.566608855,122
130,0.583013044,775
131,0.584436749,111
132,0.593954105,587
133,0.595249094,115
134,0.601268395,120
135,0.615086271,587
136,0.618742894,119
137,0.622533021,112
138,0.627721868,587
139,0.62967404,115
140,0.63058465,119
141,0.655819975,835
142,0.657083858,123
143,0.658415158,835
144,0.65940269,123
145,0.668735618,117
146,0.670048867,117
147,0.672487354,627
148,0.67365106,123
149,0.679230975,627
150,0.680232777,123
151,0.681035444,115
152,0.687007703,627
153,0.687884316,123
154,0.695843209,627
155,0.700513097,127
156,0.721851959,122
157,0.72513273,787
158,0.726225882,131
159,0.734604747,123
160,0.766681807,115
161,0.767231199,175
162,0.775545479,112
163,0.776565171,118
164,0.783339622,54
165,0.783566735,54
166,0.78362935,54
167,0.783675433,54
168,0.783730261,54
169,0.783787569,54
170,0.783832458,54
171,0.783944637,60
172,0.783944734,60
173,0.783944771,60
174,0.783944807,60
175,0.783944843,60
176,0.783944945,60
177,0.783944982,60
178,0.796459853,125
179,0.796794607,91
180,0.799145665,619
181,0.804036161,135
182,0.806434379,619
183,0.807099826,135
184,0.816458282,651
185,0.817286547,135
186,0.82649905,827
187,0.827484164,136
188,0.828002139,135
189,0.835394953,827
190,0.836694892,135
191,0.841097714,127
192,0.845569144,603
193,0.845569473,603
194,0.846357573,135
195,0.846615702,135
196,0.870019734,603
197,0.870019889,603
198,0.87002008,603
199,0.872414979,135
200,0.872919881,135
201,0.873203061,135
202,0.887648559,635
203,0.889635488,119
204,0.89000588,117
205,0.890752685,135
206,0.894147879,110
207,0.897509267,101
208,0.897592408,54
209,0.897791294,105
210,0.898393104,60
211,0.908506845,114
212,0.908527824,875
213,0.908528283,875
214,0.909465259,135
215,0.909708538,135
216,0.914867554,99
217,0.914867966,99
218,0.933705294,93
219,0.933705794,663
220,0.933705833,103
221,0.933705868,663
222,0.934699205,135
223,0.934963233,97
224,0.935254334,60
225,0.935688633,103
226,0.93609475,135
227,0.943231102,663
228,0.943231322,99
229,0.944970587,135
230,0.947885516,116
231,0.949448243,663
232,0.950625265,135
233,0.959096184,663
234,0.97064733,691
235,0.974073626,135
236,0.974520732,135
237,0.978082088,691
238,0.986443895,117
239,0.987158424,143
240,0.987749657,135
241,0.997894442,1043
242,0.999181314,135
243,1.002402251,131
244,1.003487096,199
245,1.003722289,135
246,1.003781223,158
247,1.014878304,200
248,1.014929559,183
249,1.015945136,135
250,1.018418713,639
251,1.018419,91
252,1.019711903,135
253,1.024140362,134
254,1.028796372,183
255,1.029153973,639
256,1.030365615,111
257,1.042193353,639
258,1.043150289,111
259,1.044388722,54
260,1.049256512,115
261,1.052488053,639
262,1.053618588,111
263,1.064334144,54
264,1.068179738,639
265,1.068179966,93
266,1.069566748,97
267,1.069893325,60
268,1.070091808,671
269,1.07017205,111
270,1.070733653,111
271,1.07477388,214
272,1.078859415,212
273,1.081440111,671
274,1.081440638,111
275,1.086745839,111
276,1.087137013,111
277,1.087467094,194
278,1.091009968,1015
279,1.092646507,111
280,1.111942407,1011
281,1.113369557,111
282,1.120655292,197
283,1.124643581,619
284,1.125611697,111
285,1.134295631,619
286,1.134406571,201
287,1.135325382,111
288,1.143002179,619
289,1.143002248,619
290,1.144258945,175
291,1.144708361,111
292,1.145052215,111
293,1.149547865,196
294,1.152540901,210
295,1.154152552,615
296,1.155191445,111
297,1.162356445,647
298,1.163418605,111
299,1.180860396,647
300,1.184776796,111
301,1.187052331,771
302,1.187971004,111
303,1.194032792,771
304,1.194907204,99
305,1.197955627,111
306,1.200130891,200
307,1.20365688,199
308,1.204037496,603
309,1.205226785,111
310,1.214055601,603
311,1.215562708,111
312,1.22774343,603
313,1.228879138,111
314,1.238472177,603
315,1.239739805,111
316,1.240167698,210
317,1.244028568,603
318,1.244028767,635
319,1.245363392,111
320,1.245790597,111
321,1.254622463,635
322,1.25520044,206
323,1.255978443,111
324,1.257148925,215
325,1.26959627,831
326,1.271191528,111
327,1.291528266,831
328,1.291528746,691
329,1.291528902,99
330,1.295378084,111
331,1.295888915,111
332,1.302549276,195
333,1.305692986,691
334,1.305693376,691
335,1.306811506,115
336,1.306962853,111
337,1.307625694,195
338,1.308505696,91
339,1.329231302,691
340,1.329231986,691
341,1.330657929,99
342,1.344678273,150
343,1.344758407,54
344,1.345663965,200
345,1.349974973,719
346,1.349975809,719
347,1.35127757,110
348,1.351854956,60
349,1.352449033,99
350,1.361992347,190
351,1.362677095,131
352,1.362953702,198
353,1.370965404,803
354,1.370965905,803
355,1.372370885,103
356,1.379791381,835
357,1.381476581,99
358,1.400834743,183
359,1.401089204,667
360,1.411325263,667
361,1.414754885,180
362,1.41499569,99
363,1.421777746,667
364,1.431980488,667
365,1.432770325,99
366,1.440829078,667
367,1.450994884,699
368,1.451855809,186
369,1.452625317,99
370,1.454972971,91
371,1.454973124,91
372,1.45635559,99
373,1.456974533,99
374,1.463113727,699
375,1.464867908,183
376,1.467770177,190
377,1.480053195,199
378,1.482137578,991
379,1.483772559,99
380,1.492252971,991
381,1.496576349,158
382,1.509631188,99
383,1.509631673,1023
384,1.511563928,99
385,1.520281541,196
386,1.523984732,599
387,1.523985059,599
388,1.525108226,99
389,1.534007904,599
390,1.534482811,197
391,1.535558805,99
392,1.549473743,108
393,1.549474703,599
394,1.554600087,599
395,1.556209803,99
396,1.556818188,171
397,1.562535582,631
398,1.570502932,631
399,1.574506058,193
400,1.574809463,105
401,1.575081938,60
402,1.57526122,194
403,1.575413111,99
404,1.58204762,867
405,1.590433705,202
406,1.590632619,867
407,1.591360162,99
408,1.600568637,205
409,1.613603674,559
410,1.613604583,899
411,1.615148946,103
412,1.623389597,559
413,1.624965842,99
414,1.630843108,559
415,1.639295736,200
416,1.63994436,106
417,1.639944748,146
418,1.639944797,559
419,1.641051892,106
420,1.641189475,99
421,1.651249834,591
422,1.651250386,591
423,1.652460202,103
424,1.65293378,197
425,1.655510123,201
426,1.675933299,779
427,1.681115892,99
428,1.683156155,779
429,1.693400446,811
430,1.696181165,99
431,1.696646001,207
432,1.703185052,99
433,1.703185388,659
434,1.706531943,198
435,1.713197983,659
436,1.713961865,101
437,1.714989948,99
438,1.725901912,101
439,1.725902248,659
440,1.726074452,54
441,1.73162694,105
442,1.732170833,60
443,1.736550849,659
444,1.736551362,659
445,1.737672195,99
446,1.744677342,197
447,1.746511092,687
448,1.747955094,99
449,1.756960097,687
450,1.760954379,202
451,1.762219419,195
452,1.777963268,851
453,1.783960906,99
454,1.787517726,851
455,1.79758719,883
456,1.799230404,99
457,1.800595062,182
458,1.808441409,583
459,1.816623801,185
460,1.819391067,583
461,1.820581682,99
462,1.82751635,579
463,1.827516663,579
464,1.827516754,579
465,1.829059362,103
466,1.829856389,103
467,1.847764087,611
468,1.847764494,611
469,1.849066798,99
470,1.851929659,179
471,1.865991503,611
472,1.865991781,823
473,1.869584887,182
474,1.870333554,175
475,1.871981137,99
476,1.880793929,168
477,1.888051961,823
478,1.88904012,99
479,1.897981204,855
480,1.90755693,691
481,1.90824858,99
482,1.918609638,691
483,1.921228296,168
484,1.928159067,691
485,1.929156589,99
486,1.933502542,163
487,1.939962838,175
488,1.941606347,691
489,1.941606598,691
490,1.942770843,103
491,1.947098986,142
492,1.948025315,130
493,1.961956158,723
494,1.965520264,99
495,1.973069277,723
496,1.980034175,723
497,1.981300044,99
498,1.985801713,129
499,1.990101309,847
500,1.999495751,124
501,1.999575582,847
502,2.000463517,99
503,2.006640184,93
504,2.006640733,132
505,2.006768148,54
506,2.011304574,879
507,2.015289337,97
508,2.015842978,60
509,2.024303415,639
510,2.025524968,99
511,2.034134195,639
512,2.04241572,639
513,2.044013866,99
514,2.047643277,113
515,2.051561539,113
516,2.052597878,113
517,2.052755385,639
518,2.065280747,639
519,2.066397431,99
520,2.074631551,671
521,2.084772993,99
522,2.084773547,671
523,2.086162172,99
524,2.090499433,110
525,2.093857959,671
526,2.095210199,99
527,2.104003635,927
528,2.113154185,113
529,2.126975404,927
530,2.131159676,99
531,2.131607048,959
532,2.141680205,647
533,2.143658754,99
534,2.14404954,116
535,2.155927411,114
536,2.156565457,115
537,2.159269244,647
538,2.167106542,647
539,2.168078579,99
540,2.178600117,647
541,2.19029806,647
542,2.191171313,99
543,2.195408539,679
544,2.206341785,679
545,2.213073729,99
546,2.217275766,679
547,2.218922919,109
548,2.219652193,116
549,2.227693241,959
550,2.228685657,99
551,2.230747857,109
552,2.238071109,959
553,2.246076513,991
554,2.24804729,99
555,2.24999617,243
556,2.250497898,60
557,2.263173735,171
558,2.270245575,113
559,2.27122101,111
560,2.276825235,643
561,2.276825604,643
562,2.27811947,99
563,2.28751474,643
564,2.28751512,643
565,2.287515297,643
566,2.290797545,110
567,2.291392606,99
568,2.306433397,675
569,2.306434205,675
570,2.307505525,99
571,2.324953554,122
572,2.329832845,675
573,2.331224942,99
574,2.336630542,1307
575,2.339769195,172
576,2.346610519,651
577,2.347856536,99
578,2.35172396,208
579,2.354072214,191
580,2.358607741,651
581,2.369046223,651
582,2.369931025,99
583,2.37975853,651
584,2.389808098,651
585,2.390571162,298
586,2.390612448,54
587,2.394477078,99
588,2.399530126,201
589,2.400817406,683
590,2.402396896,204
591,2.412312504,99
592,2.412312647,683
593,2.413770726,99
594,2.418939774,683
595,2.420362681,99
596,2.430019827,1003
597,2.442382925,206
598,2.452299522,999
599,2.454119801,99
600,2.4571631,196
601,2.45973421,198
602,2.465107991,1031
603,2.473398395,675
604,2.474356856,99
605,2.48158766,671
606,2.493270903,671
607,2.498028522,99
608,2.500660745,201
609,2.503052012,671
610,2.508993753,195
611,2.513341473,671
612,2.515640067,99
613,2.522318137,703
614,2.532237019,703
615,2.533359826,99
616,2.540558197,703
617,2.546402582,188
618,2.546542848,108
619,2.560292585,939
620,2.561292606,178
621,2.562095588,99
622,2.562539722,181
623,2.563468842,171
624,2.572427967,939
625,2.5957447,639
626,2.595745222,971
627,2.600534604,103
628,2.604815851,200
629,2.606835421,639
630,2.607787191,99
631,2.614155117,210
632,2.615978812,639
633,2.626688582,639
634,2.627730797,99
635,2.62815932,209
636,2.637013424,639
637,2.644523009,671
638,2.645808427,99
639,2.654957005,671
640,2.665977075,671
641,2.670238994,99
642,2.676371297,951
643,2.678296437,203
644,2.678598621,201
645,2.681484203,201
646,2.697905001,951
647,2.698814541,99
648,2.701401115,93
649,2.7045022,983
650,2.709566259,99
651,2.712543434,99
652,2.714514845,691
653,2.720147836,204
654,2.724827524,691
655,2.724827722,93
656,2.726136022,97
657,2.726627152,60
658,2.727081487,99
659,2.733635483,192
660,2.737091953,691
661,2.742947056,54
662,2.745548238,691
663,2.750499636,99
664,2.758294128,691
665,2.761478061,182
666,2.761699467,187
667,2.768378799,723
668,2.769195036,99
669,2.778288878,723
670,2.785682619,204
671,2.788505791,723
672,2.789480488,99
673,2.799387921,192
674,2.805822523,831
675,2.805822729,831
676,2.80709035,99
677,2.824906467,206
678,2.827397172,859
679,2.827397353,687
680,2.828752188,99
681,2.84257096,192
682,2.844686275,687
683,2.844686365,687
684,2.845217613,99
685,2.858471198,195
686,2.86159612,200
687,2.869720051,687
688,2.869720511,687
689,2.871480084,103
690,2.887255027,158
691,2.889226069,719
692,2.889226452,719
693,2.890128171,99
694,2.89397753,208
695,2.907287272,719
696,2.907287676,843
697,2.908005435,198
698,2.908512921,99
699,2.909606045,191
700,2.93211814,843
701,2.951021509,875
702,2.951022078,651
703,2.951881258,189
704,2.952940767,99
705,2.960550183,204
706,2.961712635,209
707,2.96829601,651
708,2.96829666,651
709,2.969936759,103
710,2.97140152,106
711,2.971402078,106
712,2.980119246,651
713,2.980119991,651
714,2.981242042,103
715,2.991153542,683
716,2.99279847,99
717,2.999848124,205
718,3.001309138,683
719,3.012266999,683
720,3.012987819,200
721,3.013655668,99
722,3.027439424,106
723,3.027439614,146
724,3.028343889,106
725,3.032432722,1295
726,3.042999319,703
727,3.044252517,99
728,3.052514217,699
729,3.054569362,99
730,3.055533115,99
731,3.058495637,196
732,3.060321965,699
733,3.065270876,200
734,3.067394381,210
735,3.070213761,699
736,3.071630612,99
737,3.080461959,215
738,3.080556963,699
739,3.091155618,731
740,3.092914789,99
741,3.109559254,731
742,3.118971745,201
743,3.121966768,731
744,3.123240355,99
745,3.132586876,839
746,3.132837548,202
747,3.144323679,839
748,3.145849427,99
749,3.154442288,871
750,3.163829624,739
751,3.164656924,99
752,3.17428028,204
753,3.174619026,735
754,3.176246629,208
755,3.189639439,207
756,3.191226606,735
757,3.192493494,99
758,3.20143728,735
759,3.201912593,212
760,3.210635459,187
761,3.211389241,735
762,3.222000135,767
763,3.223104558,99
764,3.233536089,767
765,3.245082,767
766,3.257295193,779
767,3.25981587,99
768,3.263904952,775
769,3.265846986,212
770,3.266237369,195
771,3.266924538,197
772,3.26740736,99
773,3.27434618,807
774,3.289290866,631
775,3.290374044,99
776,3.294839044,197
777,3.295769572,631
778,3.30529069,192
779,3.305492545,631
780,3.306259769,99
781,3.315958283,631
782,3.325976121,631
783,3.327083488,99
784,3.336574431,663
785,3.34457166,663
786,3.345716424,99
787,3.35555297,663
788,3.35693136,192
789,3.359429224,99
790,3.36366954,99
791,3.364344343,195
792,3.365624034,196
793,3.3682477,879
794,3.375600535,879
795,3.376707603,99
796,3.395591878,911
797,3.399958108,197
798,3.405149378,719
799,3.40703927,99
800,3.415194681,199
801,3.419297367,719
802,3.428524836,719
803,3.433509495,99
804,3.437019889,719
805,3.449012943,719
806,3.450119979,99
807,3.456489116,198
808,3.459563758,751
809,3.461099184,93
810,3.461140583,54
811,3.465478191,197
812,3.466142877,194
813,3.468418846,751
814,3.46841948,751
815,3.469351345,99
816,3.476682757,199
817,3.488172125,995
818,3.489222078,99
819,3.505960039,995
820,3.517027328,203
821,3.531255654,1023
822,3.531256046,627
823,3.531256221,627
824,3.533281634,204
825,3.533682985,99
826,3.533905241,99
827,3.55003997,627
828,3.550040528,627
829,3.551605175,99
830,3.558130225,108
831,3.568780931,627
832,3.568781214,659
833,3.569683338,191
834,3.570014994,99
835,3.571830815,190
836,3.583279285,183
837,3.592550947,659
838,3.592551507,659
839,3.593911493,99
840,3.59622897,175
841,3.599004597,192
842,3.609783839,891
843,3.619679651,891
844,3.6229842,99
845,3.629759913,923
846,3.641524289,715
847,3.643241274,190
848,3.643538114,99
849,3.649985323,711
850,3.650280517,183
851,3.652840604,192
852,3.660044854,711
853,3.66141071,99
854,3.670340858,711
855,3.678971112,711
856,3.679937976,99
857,3.689182296,743
858,3.693455055,190
859,3.702059272,743
860,3.703277296,99
861,3.705247981,200
862,3.71214731,743
863,3.732280046,1015
864,3.73597728,99
865,3.742540872,1011
866,3.743347034,99
867,3.74442635,99
868,3.748159936,205
869,3.754806162,196
870,3.75525362,197
871,3.763309319,1043
872,3.774506432,695
873,3.776455075,99
874,3.785193663,695
875,3.791363156,695
876,3.792755638,99
877,3.795107725,197
878,3.798034544,105
879,3.798449146,60
880,3.801291222,695
881,3.811555848,200
882,3.811999584,695
883,3.81276193,99
884,3.822145435,727
885,3.835671811,727
886,3.837182717,99
887,3.84862786,727
888,3.85572702,903
889,3.858380604,99
890,3.860894492,189
891,3.862180673,191
892,3.863039849,197
893,3.874478192,899
894,3.883390892,931
895,3.885395975,99
896,3.895897608,647
897,3.901168871,195
898,3.903986521,101
899,3.904093854,54
900,3.904996067,105
901,3.905428065,60
902,3.905670031,647
903,3.90708847,99
904,3.916678422,647
905,3.917691293,198
906,3.923223833,647
907,3.924597375,99
908,3.925876624,171
909,3.931816741,202
910,3.933474926,103
911,3.93347503,647
912,3.934880896,101
913,3.934915419,54
914,3.935204148,103
915,3.937286427,105
916,3.937631834,101
917,3.937631969,60
918,3.944501497,679
919,3.945804217,99
920,3.958392384,679
921,3.963974789,679
922,3.965753316,99
923,3.971082858,203
924,3.971781302,191
925,3.973498108,991
926,3.978376118,54
927,3.980742168,64
928,3.986126988,188
929,3.99325074,991
930,3.994660593,99
931,3.999794956,193
932,4.003593708,1023
933,4.015152376,679
934,4.016451299,99
935,4.032905448,679
936,4.035894518,679
937,4.037592007,99
938,4.038871589,189
939,4.046359305,679
940,4.053868545,183
941,4.054983881,203
942,4.058273083,679
943,4.059247608,99
944,4.06835267,711
945,4.068353216,711
946,4.071004287,99
947,4.071508399,103
948,4.072049925,99
949,4.082242419,111
950,4.086248063,711
951,4.087747161,99
952,4.093503032,205
953,4.101442045,93
954,4.103159455,97
955,4.103723998,60
956,4.104553165,193
957,4.106392081,891
958,4.106392319,891
959,4.107611942,99
960,4.137461885,923
961,4.137462638,635
962,4.138978528,99
963,4.142233002,191
964,4.151032733,635
965,4.151033148,635
966,4.152476877,103
967,4.152842078,158
968,4.15578348,193
969,4.158128778,196
970,4.160985347,635
971,4.165730123,99
972,4.167976868,635
973,4.177880174,667
974,4.178699746,99
975,4.189952895,667
976,4.194903776,203
977,4.200612647,667
978,4.201741782,99
979,4.208547438,211
980,4.210261082,919
981,4.219873842,919
982,4.220941268,99
983,4.233697023,171
984,4.238452319,951
985,4.249416565,667
986,4.250644155,99
987,4.255646622,204
988,4.259974181,667
989,4.267291116,198
990,4.272476291,667
991,4.272476472,667
992,4.273620426,197
993,4.276637239,103
994,4.27814955,663
995,4.278900858,99
996,4.289795003,695
997,4.296357854,106
998,4.296358265,146
999,4.297755389,106
1000,4.29851549,695
1001,4.299194695,99
1002,4.300024134,209
1003,4.309358559,695
1004,4.313521786,187
1005,4.327602951,177
1006,4.329713333,851
1007,4.331005026,99
1008,4.339679801,851
1009,4.353874978,883
1010,4.35768325,99
1011,4.363798924,675
1012,4.373402328,675
1013,4.374825489,99
1014,4.379992297,182
1015,4.381484538,184
1016,4.383135434,675
1017,4.383135704,99
1018,4.384277955,99
1019,4.387098104,188
1020,4.39252495,675
1021,4.405207277,675
1022,4.411538498,99
1023,4.412625167,707
1024,4.423539542,707
1025,4.428264179,99
1026,4.42872417,193
1027,4.434861527,707
1028,4.437832364,196
1029,4.449455502,915
1030,4.450836648,99
1031,4.453178942,194
1032,4.454046388,192
1033,4.463085068,915
1034,4.471623684,947
1035,4.472536245,99
1036,4.481804169,687
1037,4.493159865,687
1038,4.497591332,99
1039,4.498133767,197
1040,4.503269601,687
1041,4.505538588,207
1042,4.513684897,687
1043,4.51477421,99
1044,4.526412806,687
1045,4.536608104,719
1046,4.539027103,99
1047,4.541524662,203
1048,4.546919685,719
1049,4.549716176,187
1050,4.556248821,187
1051,4.556656352,719
1052,4.5591094,187
1053,4.574441467,108
1054,4.574442033,879
1055,4.583068493,99
1056,4.584648547,879
1057,4.594831264,911
1058,4.595878108,99
1059,4.59939758,181
1060,4.606755027,651
1061,4.606755271,651
1062,4.607641427,103
1063,4.608109703,185
1064,4.629726923,651
1065,4.629727427,651
1066,4.63052648,99
1067,4.646110284,172
1068,4.652079394,651
1069,4.652079685,683
1070,4.653361856,99
1071,4.666172328,683
1072,4.66617276,683
1073,4.668780932,103
1074,4.673587522,170
1075,4.674632038,148
1076,4.690173577,1135
1077,4.690174244,631
1078,4.692367464,99
1079,4.694885784,99
1080,4.696074329,99
1081,4.70036397,145
1082,4.710749424,631
1083,4.710749987,631
1084,4.712000917,103
1085,4.71481481,142
1086,4.728947471,631
1087,4.728947981,631
1088,4.730127336,99
1089,4.748446339,663
1090,4.748446783,663
1091,4.74980803,99
1092,4.756506525,131
1093,4.769838147,663
1094,4.769839007,93
1095,4.769939933,54
1096,4.770613688,99
1097,4.778815921,129
1098,4.783460521,127
1099,4.788143918,141
1100,4.821018757,1363
1101,4.821840044,153
1102,4.830594011,687
1103,4.831734376,99
1104,4.835506347,160
1105,4.838647078,687
1106,4.846682968,97
1107,4.847186462,60
1108,4.847406654,687
1109,4.847728362,185
1110,4.848615209,151
1111,4.849901099,99
1112,4.858246695,687
1113,4.870271179,687
1114,4.872027107,99
1115,4.878338813,54
1116,4.878828737,54
1117,4.878840083,54
1118,4.87919257,54
1119,4.879273561,54
1120,4.879357724,54
1121,4.879419611,54
1122,4.879483917,54
1123,4.879572569,101
1124,4.879573008,60
1125,4.879573051,60
1126,4.879573091,60
1127,4.879573134,60
1128,4.879573175,60
1129,4.879573217,60
1130,4.879573258,60
1131,4.879658116,60
1132,4.881046338,105
1133,4.881512705,60
1134,4.882649464,719
1135,4.891183165,142
1136,4.893238593,719
1137,4.897533132,99
1138,4.900462069,719
1139,4.903120364,144
1140,4.922384739,1331
1141,4.923605463,99
1142,4.932369567,735
1143,4.941953222,133
1144,4.942241116,735
1145,4.943632718,99
1146,4.948125685,175
1147,4.953534846,735
1148,4.955923187,125
1149,4.958073237,119
1150,4.962443561,735
1151,4.963606381,99
1152,4.972531781,731
1153,4.982828571,763
1154,4.983762272,99
1155,4.991996577,763
1156,5.005903853,763
1157,5.010694152,99
1158,5.011472628,114
1159,5.011795584,118
1160,5.023806492,847
1161,5.035188334,847
1162,5.036872879,99
1163,5.044656096,879
1164,5.047234518,112
1165,5.061951022,115
1166,5.063585547,114
1167,5.094925208,99
1168,5.096510759,99
1169,5.099531797,113
1170,5.105683282,671
1171,5.11464923,671
1172,5.115216252,99
1173,5.121791126,113
1174,5.123799977,671
1175,5.130938187,111
1176,5.136597442,671
1177,5.137913733,99
1178,5.146028248,671
1179,5.156127469,703
1180,5.157215247,99
1181,5.167658747,703
1182,5.168428576,113
1183,5.170508236,112
1184,5.177556509,703
1185,5.178586567,99
1186,5.179417302,113
1187,5.194156912,983
1188,5.203939247,983
1189,5.206293179,99
1190,5.223736546,1011
1191,5.224561559,115
1192,5.234211018,719
1193,5.24310424,113
1194,5.243575134,99
1195,5.248613287,719
1196,5.258859806,715
1197,5.260161621,99
1198,5.266619142,715
1199,5.266619424,715
1200,5.269290902,99
1201,5.271641563,111
1202,5.272080634,113
1203,5.285489181,747
1204,5.285489765,747
1205,5.286516473,99
1206,5.287015565,110
1207,5.299715727,109
1208,5.309806101,747
1209,5.321095072,105
1210,5.321633839,60
1211,5.325114564,867
1212,5.325115061,867
1213,5.329829976,103
1214,5.342496242,108
1215,5.34960707,899
1216,5.350581931,99
1217,5.351557042,110
1218,5.351866199,109
1219,5.368446835,667
1220,5.368447048,667
1221,5.369535255,103
1222,5.388589905,667
1223,5.388590204,667
1224,5.39016685,103
1225,5.393512206,111
1226,5.400865247,187
1227,5.406565174,667
1228,5.406565621,699
1229,5.407445612,109
1230,5.409272188,99
1231,5.419910456,699
1232,5.430122625,699
1233,5.431068325,99
1234,5.446010943,109
1235,5.447932538,851
1236,5.459226203,111
1237,5.459934549,113
1238,5.465508453,847
1239,5.465508818,101
1240,5.466874061,99
1241,5.46860176,879
1242,5.47043247,101
1243,5.470647171,54
1244,5.480873213,206
1245,5.481182123,105
1246,5.481614444,60
1247,5.501038054,152
1248,5.512147996,699
1249,5.512908267,182
1250,5.51317738,99
1251,5.519660755,699
1252,5.532205429,699
1253,5.533051936,99
1254,5.542346128,699
1255,5.543658207,158
1256,5.546868887,99
1257,5.547712569,99
1258,5.551971503,196
1259,5.553871674,699
1260,5.560486571,731
1261,5.562683224,99
1262,5.566697132,174
1263,5.568981346,170
1264,5.570193878,731
1265,5.5834528,731
1266,5.587404786,99
1267,5.58811388,169
1268,5.590450709,108
1269,5.592139483,947
1270,5.611649975,209
1271,5.612103875,60
1272,5.617651684,947
1273,5.619088563,99
1274,5.619516692,166
1275,5.62345454,979
1276,5.62745538,106
1277,5.627455485,106
1278,5.631990701,675
1279,5.636670928,99
1280,5.642162985,675
1281,5.642273067,163
1282,5.654215724,671
1283,5.655650205,99
1284,5.66349689,671
1285,5.671746618,170
1286,5.672183349,164
1287,5.674279153,671
1288,5.675825573,99
1289,5.684411997,146
1290,5.684412678,106
1291,5.684412887,703
1292,5.685663441,155
1293,5.68653764,106
1294,5.693278439,703
1295,5.6942466,99
1296,5.698506034,155
1297,5.704022654,703
1298,5.711881846,191
1299,5.714031774,875
1300,5.724534038,875
1301,5.725764634,99
1302,5.743150119,907
1303,5.751439748,152
1304,5.760647382,153
1305,5.76263533,149
1306,5.763456235,683
1307,5.766776127,99
1308,5.776361362,683
1309,5.783943972,683
1310,5.784711674,99
1311,5.788863111,158
1312,5.793182679,683
1313,5.805562882,106
1314,5.806140456,151
1315,5.80679791,683
1316,5.807594122,99
1317,5.816291904,715
1318,5.829108752,715
1319,5.830299044,99
1320,5.835926028,715
1321,5.847351817,54
1322,5.85425191,151
1323,5.855787556,963
1324,5.855978977,145
1325,5.856750961,99
1326,5.857214716,99
1327,5.860472897,140
1328,5.867123182,963
1329,5.885934383,995
1330,5.887215696,99
1331,5.888350016,101
1332,5.888443315,54
1333,5.888684136,105
1334,5.889171046,60
1335,5.893956262,126
1336,5.897505574,691
1337,5.906465599,691
1338,5.90950878,99
1339,5.910574747,119
1340,5.917817043,691
1341,5.921294444,412
1342,5.921848658,60
1343,5.930812318,691
1344,5.934458447,99
1345,5.936013683,691
1346,5.946180211,723
1347,5.947138874,99
1348,5.951274397,110
1349,5.958156529,723
1350,5.960974898,107
1351,5.961968117,110
1352,5.968071928,723
1353,5.968072396,863
1354,5.969124499,99
1355,5.98646248,863
1356,5.987995873,99
1357,5.998527613,111
1358,6.008137216,895
1359,6.015560562,108
1360,6.029552199,703
1361,6.029666853,115
1362,6.034018157,99
1363,6.038044964,183
1364,6.041260716,165
1365,6.041739331,60
1366,6.048439154,703
1367,6.048439865,703
1368,6.04964925,99
1369,6.055292319,134
1370,6.061129804,166
1371,6.061628487,60
1372,6.064887496,131
1373,6.065749677,122
1374,6.066131892,99
1375,6.066955159,112
1376,6.070153333,703
1377,6.070153673,703
1378,6.071592737,99
1379,6.078937532,106
1380,6.079467084,106
1381,6.07956551,54
1382,6.085855856,735
1383,6.085856069,735
1384,6.087342534,103
1385,6.092208481,191
1386,6.096374312,54
1387,6.109351735,735
1388,6.109352236,883
1389,6.113563454,99
1390,6.119625795,879
1391,6.121672838,106
1392,6.139781151,911
1393,6.140737632,99
1394,6.143354511,106
1395,6.146119068,106
1396,6.149492924,106
1397,6.150027902,671
1398,6.160040576,671
1399,6.160846846,99
1400,6.161467393,288
1401,6.161831749,60
1402,6.16994528,671
1403,6.180751285,671
1404,6.182477602,99
1405,6.186909632,106
1406,6.190877894,671
1407,6.200227912,703
1408,6.200238877,106
1409,6.201028568,99
1410,6.210338629,703
1411,6.219020393,223
1412,6.219089681,54
1413,6.222128417,703
1414,6.224914908,99
1415,6.231017663,110
1416,6.23147038,60
1417,6.237552052,106
1418,6.23873049,99
1419,6.238731427,867
1420,6.24138939,166
1421,6.241990985,60
1422,6.249754887,867
1423,6.251783133,99
1424,6.254694753,106
1425,6.258206921,106
1426,6.259105846,899
1427,6.29174601,639
1428,6.292062328,106
1429,6.293081818,99
1430,6.303103136,639
1431,6.30752516,106
1432,6.312754075,639
1433,6.315294086,99
1434,6.322199695,639
1435,6.333863819,639
1436,6.335235692,99
1437,6.34368567,106
1438,6.34775879,671
1439,6.351898543,671
1440,6.353702035,99
1441,6.358810786,106
1442,6.360103803,106
1443,6.362373552,671
1444,6.363668245,106
1445,6.370681525,883
1446,6.371900082,99
1447,6.391140049,883
1448,6.3952659,187
1449,6.396208164,106
1450,6.401845284,915
1451,6.405426972,54
1452,6.40983407,106
1453,6.412508509,675
1454,6.413437188,99
1455,6.421970691,675
1456,6.431985858,675
1457,6.433620531,99
1458,6.444200772,675
1459,6.448369101,106
1460,6.45430943,675
1461,6.455414265,99
1462,6.461257628,106
1463,6.462789425,106
1464,6.466027179,707
1465,6.477286021,707
1466,6.478169429,99
1467,6.48285901,199
1468,6.483000992,54
1469,6.485801145,707
1470,6.491828502,110
1471,6.492294389,60
1472,6.502745065,106
1473,6.505405856,807
1474,6.507623588,99
1475,6.515710417,807
1476,6.516759911,166
1477,6.517086182,60
1478,6.523046421,106
1479,6.524278806,839
1480,6.528684342,106
1481,6.529563691,99
1482,6.542445691,99
1483,6.54279328,106
1484,6.543172118,86
1485,6.543172487,87
1486,6.546017222,703
1487,6.554583087,86
1488,6.558777261,84
1489,6.569056439,703
1490,6.569357843,54
1491,6.570034603,106
1492,6.570694188,99
1493,6.572798392,106
1494,6.581094436,106
1495,6.588730866,703
1496,6.58873108,703
1497,6.58982939,99
1498,6.591615956,108
1499,6.596755572,86
1500,6.608955887,703
1501,6.60895647,735
1502,6.610149172,99
1503,6.621359408,80
1504,6.622035036,106
1505,6.623173347,250
1506,6.623238683,54
1507,6.624679513,86
1508,6.630612073,735
1509,6.630612347,735
1510,6.631653417,103
1511,6.637329222,110
1512,6.637812737,60
1513,6.642485408,106
1514,6.645334706,86
1515,6.647586453,106
1516,6.650518986,106
1517,6.650839482,795
1518,6.650839802,799
1519,6.652359216,103
1520,6.658036707,827
1521,6.658979005,99
1522,6.666561283,86
1523,6.666561834,86
1524,6.668042539,683
1525,6.671645149,93
1526,6.671645715,106
1527,6.67180774,54
1528,6.671982048,54
1529,6.680460088,679
1530,6.683366952,99
1531,6.683860441,84
1532,6.687183549,86
1533,6.687183958,86
1534,6.689037767,106
1535,6.690195774,679
1536,6.699132097,97
1537,6.699444204,60
1538,6.700474981,187
1539,6.700792474,679
1540,6.702846013,106
1541,6.711486733,164
1542,6.711986508,60
1543,6.713580765,679
1544,6.714472874,99
1545,6.722391664,711
1546,6.732821494,711
1547,6.738110003,99
1548,6.74144497,711
1549,6.749619775,80
1550,6.751068388,775
1551,6.7522273,99
1552,6.753348109,106
1553,6.75592365,106
1554,6.75778912,106
1555,6.762507979,775
1556,6.781740484,567
1557,6.781741062,807
1558,6.783019728,103
1559,6.789058797,86
1560,6.792334944,567
1561,6.792399869,106
1562,6.793177166,99
1563,6.796713365,243
1564,6.797279323,60
1565,6.803865168,567
1566,6.807272581,106
1567,6.808839715,80
1568,6.809348881,158
1569,6.814873856,567
1570,6.815860801,99
1571,6.819237136,93
1572,6.820628103,97
1573,6.821068935,60
1574,6.825996308,567
1575,6.82599676,599
1576,6.829566477,99
1577,6.835186241,599
1578,6.844498351,599
1579,6.845544704,99
1580,6.847175738,99
1581,6.848820191,106
1582,6.855736638,106
1583,6.855785372,54
1584,6.857470957,106
1585,6.858662361,106
1586,6.861212637,185
1587,6.861916313,60
1588,6.86611449,643
1589,6.866114666,991
1590,6.867846105,103
1591,6.876484275,643
1592,6.877526865,99
1593,6.882721837,101
1594,6.883153629,105
1595,6.884088027,60
1596,6.886368327,643
1597,6.89208715,86
1598,6.894809631,643
1599,6.895604385,99
1600,6.900639987,106
1601,6.903946361,643
1602,6.913525663,106
1603,6.914164905,675
1604,6.915258156,99
1605,6.921560367,88
1606,6.924337589,675
1607,6.933788512,103
1608,6.933789118,675
1609,6.934047528,80
1610,6.935826076,103
1611,6.936299651,99
1612,6.938378747,319
1613,6.938459592,54
1614,6.951610283,146
1615,6.95161092,106
1616,6.952538268,106
1617,6.953610259,106
1618,6.953835634,1339
1619,6.961373198,166
1620,6.961826917,60
1621,6.964646937,144
1622,6.965404627,150
1623,6.966067174,615
1624,6.967583955,99
1625,6.97108837,166
1626,6.971442042,60
1627,6.975022618,615
1628,6.979794059,147
1629,6.985422829,615
1630,6.986927431,99
1631,6.995014573,86
1632,6.995235414,615
1633,6.995979185,615
1634,6.997075588,99
1635,7.005904016,647
1636,7.00590455,647
1637,7.006930536,99
1638,7.007164409,132
1639,7.018333115,106
1640,7.027054787,135
1641,7.027776809,647
1642,7.03206479,129
1643,7.049113987,1203
1644,7.050553728,99
1645,7.059379062,54
1646,7.059630671,80
1647,7.065842136,647
1648,7.065842812,647
1649,7.067082577,99
1650,7.071408887,148
1651,7.072558458,142
1652,7.079865278,175
1653,7.081776575,111
1654,7.085244518,136
1655,7.088345178,647
1656,7.088345745,647
1657,7.089709643,99
1658,7.098052362,86
1659,7.09805271,647
1660,7.106325167,99
1661,7.10671767,123
1662,7.108348057,679
1663,7.118620749,679
1664,7.119487336,99
1665,7.12134211,381
1666,7.121612085,60
1667,7.121621653,80
1668,7.128285437,679
1669,7.139512494,117
1670,7.14798287,1247
1671,7.149000552,99
1672,7.152532081,133
1673,7.154283936,127
1674,7.156342842,207
1675,7.156486018,54
1676,7.169038822,144
1677,7.171646977,110
1678,7.172079411,60
1679,7.183208685,611
1680,7.191251914,166
1681,7.191770913,60
1682,7.192131776,119
1683,7.194840566,611
1684,7.196351425,99
1685,7.202204138,611
1686,7.213183861,115
1687,7.21362989,86
1688,7.213630006,611
1689,7.218351741,93
1690,7.218942293,99
1691,7.220536994,97
1692,7.22115944,60
1693,7.222999997,611
1694,7.224813555,99
1695,7.226269959,99
1696,7.23107162,643
1697,7.240247895,643
1698,7.240248482,643
1699,7.241537978,103
1700,7.243573217,122
1701,7.246160646,80
1702,7.260635179,130
1703,7.26124521,122
1704,7.285114348,611
1705,7.286668072,99
1706,7.296474792,116
1707,7.298358808,106
1708,7.298359091,611
1709,7.305786616,86
1710,7.305787129,611
1711,7.313337749,99
1712,7.316776904,611
1713,7.321142249,112
1714,7.325367156,611
1715,7.32842913,99
1716,7.335408747,643
1717,7.339414205,54
1718,7.34308508,643
1719,7.343725768,99
1720,7.350053785,113
1721,7.352839749,643
1722,7.364974459,114
1723,7.365262087,118
1724,7.371297673,80
1725,7.377498081,114
1726,7.394881644,187
1727,7.407984073,86
1728,7.407984708,939
1729,7.422151111,114
1730,7.427666604,939
1731,7.427666943,939
1732,7.429578797,99
1733,7.429899494,115
1734,7.433771002,80
1735,7.439476031,106
1736,7.43952575,54
1737,7.448330101,939
1738,7.449028702,99
1739,7.469372218,935
1740,7.469479654,113
1741,7.470203679,114
1742,7.487177475,110
1743,7.488851657,967
1744,7.488851965,967
1745,7.490217272,99
1746,7.499223032,86
1747,7.502702855,117
1748,7.509604995,967
1749,7.509605545,587
1750,7.511970867,99
1751,7.519482693,587
1752,7.520461732,99
1753,7.529790448,587
1754,7.53790221,112
1755,7.539691874,587
1756,7.540669025,99
1757,7.541486294,99
1758,7.547719576,105
1759,7.54824566,60
1760,7.551034658,587
1761,7.55103535,619
1762,7.552718559,99
1763,7.553062283,109
1764,7.554131691,114
1765,7.558819793,80
1766,7.560878909,619
1767,7.570715514,619
1768,7.572042612,99
1769,7.587226783,137
1770,7.587326949,54
1771,7.591625363,110
1772,7.592174078,60
1773,7.593154452,107
1774,7.604575419,107
1775,7.614533434,108
1776,7.614533746,86
1777,7.621325076,80
1778,7.621992975,615
1779,7.630608118,615
1780,7.63334077,99
1781,7.643775192,110
1782,7.647031672,615
1783,7.652022807,615
1784,7.654880641,99
1785,7.659647842,111
1786,7.660503351,108
1787,7.665442995,615
1788,7.671924229,647
1789,7.67309274,99
1790,7.682001687,647
1791,7.683191089,268
1792,7.685001465,101
1793,7.685712038,54
1794,7.687905451,105
1795,7.688626736,60
1796,7.692001775,647
1797,7.693270017,99
1798,7.697617504,110
1799,7.698012423,60
1800,7.699556582,108
1801,7.702257808,171
1802,7.703343069,915
1803,7.704842897,86
1804,7.714106658,112
1805,7.714146427,615
1806,7.71561319,99
1807,7.724126841,615
1808,7.724127014,615
1809,7.725056562,99
1810,7.733999638,615
1811,7.745889588,647
1812,7.746099077,80
1813,7.74760889,99
1814,7.751516144,116
1815,7.754012768,647
1816,7.767445382,112
1817,7.769168021,109
1818,7.77479555,983
1819,7.775944695,99
1820,7.781556429,114
1821,7.784508073,623
1822,7.795244076,623
1823,7.796756277,99
1824,7.805902216,623
1825,7.808697664,86
1826,7.81579583,623
1827,7.816990033,99
1828,7.818269721,117
1829,7.826203901,623
1830,7.836368896,655
1831,7.83699338,99
1832,7.839381903,115
1833,7.841006779,131
1834,7.841777284,115
1835,7.843802272,655
1836,7.845372782,178
1837,7.846000829,60
1838,7.850998969,655
1839,7.850999576,99
1840,7.852637558,99
1841,7.8661636,843
1842,7.871665531,84
1843,7.872411176,111
1844,7.873202263,116
1845,7.883020533,110
1846,7.883020737,90
1847,7.88658956,843
1848,7.894521881,99
1849,7.894866681,112
1850,7.901384657,112
1851,7.908200756,875
1852,7.908201244,635
1853,7.909673488,99
1854,7.913363462,92
1855,7.91336406,92
1856,7.928421644,635
1857,7.928422002,635
1858,7.931460414,103
1859,7.933566751,84
1860,7.93405228,90
1861,7.948590661,635
1862,7.948591148,635
1863,7.948591184,667
1864,7.949580174,110
1865,7.951321159,103
1866,7.951650296,99
1867,7.95310058,114
1868,7.965316036,89
1869,7.967671971,667
1870,7.967672396,667
1871,7.96919466,99
1872,7.9863156,86
1873,7.986315893,247
1874,7.988616276,603
1875,7.988616464,603
1876,7.989669634,99
1877,7.991514016,113
1878,7.992468798,112
1879,7.996230876,84
1880,7.998284184,599
1881,8.005194162,117
1882,8.00944153,599
1883,8.010117774,99
1884,8.015721815,171
1885,8.016649541,85
1886,8.019826211,631
1887,8.027373637,54
1888,8.029186325,631
1889,8.03103879,99
1890,8.037701777,86
1891,8.039806702,803
1892,8.045619374,160
1893,8.050260295,85
1894,8.051570042,803
1895,8.05508382,99
1896,8.058485776,84
1897,8.060015278,194
1898,8.060377896,831
1899,8.092915004,603
1900,8.093750511,99
1901,8.097899184,184
1902,8.099267614,176
1903,8.10207318,603
1904,8.11226379,188
1905,8.113164658,603
1906,8.114370806,99
1907,8.120959955,603
1908,8.130027653,603
1909,8.131294525,99
1910,8.136929575,206
1911,8.139932556,635
1912,8.139932981,635
1913,8.139933015,92
1914,8.141027568,99
1915,8.150577605,635
1916,8.152702954,183
1917,8.15962669,85
1918,8.160540796,99
1919,8.167552784,99
1920,8.168162495,170
1921,8.171601397,1315
1922,8.182520741,162
1923,8.183905782,148
1924,8.18416884,80
1925,8.191878262,623
1926,8.193300349,85
1927,8.193446086,99
1928,8.199786411,158
1929,8.203578833,91
1930,8.20606854,623
1931,8.216471977,623
1932,8.219223595,142
1933,8.219970922,99
1934,8.22607471,623
1935,8.229940932,173
1936,8.236101658,623
1937,8.237510893,99
1938,8.246423786,80
1939,8.250960544,655
1940,8.250960839,110
1941,8.250960919,133
1942,8.258558795,655
1943,8.259874721,99
1944,8.265748127,655
1945,8.275566821,161
1946,8.276136268,88
1947,8.283004724,106
1948,8.283005087,106
1949,8.283005196,1315
1950,8.284909661,99
1951,8.285563056,186
1952,8.292632295,202
1953,8.296442027,88
1954,8.296442451,647
1955,8.307591277,647
1956,8.307591585,647
1957,8.308478956,103
1958,8.308936761,84
1959,8.314133355,647
1960,8.315518078,99
1961,8.317239775,89
1962,8.322228877,204
1963,8.323458637,679
1964,8.327237819,89
1965,8.333394016,679
1966,8.335030916,99
1967,8.335739244,193
1968,8.339140379,146
1969,8.339140517,106
1970,8.340522871,106
1971,8.343191993,171
1972,8.350644295,201
1973,8.354179304,875
1974,8.354179739,627
1975,8.356498424,99
1976,8.365923004,627
1977,8.369232283,91
1978,8.371039019,84
1979,8.377237409,627
1980,8.3772378,88
1981,8.37915394,99
1982,8.388455734,627
1983,8.393720882,201
1984,8.393944963,190
1985,8.400426105,659
1986,8.401188873,99
1987,8.40163979,208
1988,8.406988988,659
1989,8.417538087,90
1990,8.426889344,795
1991,8.428980389,99
1992,8.429398065,90
1993,8.429398496,89
1994,8.433752534,84
1995,8.445933782,795
1996,8.445934164,827
1997,8.449583273,205
1998,8.449951024,99
1999,8.458154043,89
2000,8.45929449,202
2001,8.466236101,651
2002,8.466237093,651
2003,8.46774843,99
2004,8.485535051,651
2005,8.48553546,651
2006,8.486564935,103
2007,8.488450526,99
2008,8.489301125,99
2009,8.493841038,199
2010,8.494268126,207
2011,8.495987856,80
2012,8.507519268,679
2013,8.507519595,679
2014,8.507796932,206
2015,8.508840978,103
2016,8.541027996,87
2017,8.553509772,203
2018,8.559027922,80
2019,8.560498411,198
2020,8.579680772,591
2021,8.580980914,99
2022,8.585774681,150
2023,8.590107418,591
2024,8.591484105,110
2025,8.591992131,60
2026,8.597672729,203
2027,8.59935986,214
2028,8.601568195,591
2029,8.602550592,99
2030,8.61206371,591
2031,8.612131509,200
2032,8.61818689,623
2033,8.619217193,99
2034,8.628377617,623
2035,8.63789791,88
2036,8.637898278,108
2037,8.639482851,871
2038,8.640678901,99
2039,8.649846034,867
2040,8.656740389,212
2041,8.65996791,899
2042,8.661235585,99
2043,8.666658856,211
2044,8.676855298,204
2045,8.678550184,201
2046,8.680081814,575
2047,8.683814625,80
2048,8.689979977,575
2049,8.691115056,99
2050,8.70045563,575
2051,8.710760948,575
2052,8.71076147,575
2053,8.711640373,99
2054,8.713699362,187
2055,8.716251839,200
2056,8.720672161,607
2057,8.726407088,250
2058,8.731657309,607
2059,8.733041307,99
2060,8.73657553,198
2061,8.737242197,110
2062,8.737674388,60
2063,8.742024234,607
2064,8.747955222,89
2065,8.754283963,783
2066,8.755554611,99
2067,8.764855988,631
2068,8.769296566,197
2069,8.775254601,631
2070,8.776580749,99
2071,8.785158762,631
2072,8.786191875,196
2073,8.787777585,202
2074,8.792040929,627
2075,8.792989826,99
2076,8.799075632,198
2077,8.80311472,627
2078,8.803115003,659
2079,8.805468805,99
2080,8.808975011,80
2081,8.817062194,659
2082,8.828457425,659
2083,8.833188928,99
2084,8.845053532,191
2085,8.848215699,815
2086,8.852276216,179
2087,8.856828622,815
2088,8.858156227,99
2089,8.85899308,99
2090,8.859787896,91
2091,8.863874111,847
2092,8.871278461,80
2093,8.874556461,647
2094,8.875532784,99
2095,8.889121621,643
2096,8.889122109,643
2097,8.889494742,176
2098,8.891004897,99
2099,8.89291663,183
2100,8.903563045,176
2101,8.906132982,675
2102,8.906133509,643
2103,8.910832129,103
2104,8.929587339,675
2105,8.929587535,783
2106,8.932030316,99
2107,8.933264855,89
2108,8.950144207,783
2109,8.950145121,815
2110,8.954732823,99
2111,8.957209941,170
2112,8.95793642,163
2113,8.967559779,635
2114,8.967560632,635
2115,8.968805341,99
2116,8.974384767,54
2117,8.974783867,60
2118,8.989054466,635
2119,8.989054872,635
2120,8.990161097,99
2121,8.99203587,165
2122,8.99300696,168
2123,8.99763379,80
2124,8.99946459,667
2125,9.000542926,99
2126,9.009860784,667
2127,9.01004742,154
2128,9.061640172,153
2129,9.066747333,154
2130,9.071062275,105
2131,9.071577257,60
2132,9.097516088,165
2133,9.097755092,153
2134,9.104614331,191
2135,9.114085794,132
2136,9.14288525,971
2137,9.142885491,88
2138,9.142885542,88
2139,9.151747166,125
2140,9.152984007,599
2141,9.153763351,99
2142,9.162514818,595
2143,9.162515235,595
2144,9.163672618,99
2145,9.163960177,116
2146,9.164110744,197
2147,9.1642241,124
2148,9.16436677,60
2149,9.164367111,60
2150,9.172562577,595
2151,9.174603852,93
2152,9.178138917,140
2153,9.179185523,200
2154,9.182532015,595
2155,9.183205915,99
2156,9.183465339,80
2157,9.193437878,627
2158,9.205656725,627
2159,9.206217068,99
2160,9.210576939,101
2161,9.21324467,627
2162,9.215341453,54
2163,9.216993236,208
2164,9.225411863,101
2165,9.225767671,54
2166,9.231985106,105
2167,9.232461066,60
2168,9.232546105,182
2169,9.234055542,595
2170,9.234055796,1207
2171,9.235160704,103
2172,9.237022315,486
2173,9.237119582,54
2174,9.240184579,89
2175,9.240585607,93
2176,9.240787303,60
2177,9.240787418,60
2178,9.243707362,595
2179,9.244808653,99
2180,9.247568662,91
2181,9.251736976,99
2182,9.25577689,595
2183,9.266249193,595
2184,9.274415947,99
2185,9.276289368,627
2186,9.282622782,203
2187,9.286226583,627
2188,9.287067358,99
2189,9.287630958,214
2190,9.290399715,209
2191,9.296430479,839
2192,9.298574079,206
2193,9.304083237,839
2194,9.305197053,99
2195,9.309269581,80
2196,9.313767449,871
2197,9.324374534,603
2198,9.325455309,99
2199,9.333802133,603
2200,9.33586497,205
2201,9.3443517,603
2202,9.348619971,99
2203,9.359717499,603
2204,9.360242746,86
2205,9.361395928,206
2206,9.36970162,635
2207,9.36970207,635
2208,9.369702181,603
2209,9.371055685,103
2210,9.37154227,103
2211,9.387066095,635
2212,9.388007372,99
2213,9.391547585,210
2214,9.393910532,202
2215,9.402880244,188
2216,9.406221291,803
2217,9.406221697,803
2218,9.407487313,99
2219,9.417953315,80
2220,9.426122836,835
2221,9.426123137,591
2222,9.427479122,99
2223,9.430420087,171
2224,9.441959251,86
2225,9.446164021,192
2226,9.447936408,591
2227,9.449265376,591
2228,9.449265858,591
2229,9.450411776,99
2230,9.461866921,190
2231,9.465191834,158
2232,9.471165027,591
2233,9.471165255,623
2234,9.474621962,99
2235,9.480732712,80
2236,9.483833664,623
2237,9.48547601,99
2238,9.491068901,623
2239,9.495266287,194
2240,9.496231063,200
2241,9.499696446,635
2242,9.499696666,631
2243,9.50080552,99
2244,9.510072926,631
2245,9.510625934,193
2246,9.51091372,99
2247,9.521895125,631
2248,9.53224292,663
2249,9.533968816,99
2250,9.536865887,88
2251,9.54023634,663
2252,9.54310485,80
2253,9.54677825,187
2254,9.55043154,775
2255,9.553218811,99
2256,9.563383352,775
2257,9.57227747,93
2258,9.574126807,204
2259,9.577970255,99
2260,9.579176863,99
2261,9.582141977,667
2262,9.582142618,807
2263,9.583123214,103
2264,9.592334566,667
2265,9.593227085,99
2266,9.601233192,194
2267,9.601617465,667
2268,9.602756382,180
2269,9.608022215,106
2270,9.608022762,146
2271,9.609683154,106
2272,9.611725634,667
2273,9.612706023,99
2274,9.613380381,54
2275,9.615398571,176
2276,9.622748797,699
2277,9.628952683,196
2278,9.631111022,699
2279,9.633123337,99
2280,9.638241816,108
2281,9.64446937,97
2282,9.644989577,60
2283,9.654655491,1139
2284,9.658586649,88
2285,9.663436964,587
2286,9.665062044,99
2287,9.668072518,80
2288,9.672196231,583
2289,9.672196778,583
2290,9.674405053,99
2291,9.680530814,209
2292,9.682061693,205
2293,9.684073793,213
2294,9.686805162,583
2295,9.697275385,583
2296,9.698698743,99
2297,9.705252447,615
2298,9.720920685,615
2299,9.722583542,99
2300,9.724630034,615
2301,9.724637078,205
2302,9.733536584,859
2303,9.736408001,203
2304,9.737288562,99
2305,9.740961782,175
2306,9.743623464,855
2307,9.750122318,250
2308,9.750123125,92
2309,9.753843873,204
2310,9.769467705,110
2311,9.769854675,887
2312,9.769854787,603
2313,9.770062153,60
2314,9.770689385,99
2315,9.773264486,138
2316,9.773265135,176
2317,9.779063104,603
2318,9.783485113,99
2319,9.789342393,603
2320,9.789342921,603
2321,9.790166175,99
2322,9.791370188,187
2323,9.793135192,84
2324,9.796106651,185
2325,9.803646614,181
2326,9.809364988,603
2327,9.809365396,635
2328,9.810752747,99
2329,9.814492714,163
2330,9.825782867,635
2331,9.825783089,635
2332,9.82578313,663
2333,9.826966063,103
2334,9.827423192,99
2335,9.841801495,180
2336,9.850894015,663
2337,9.850894804,663
2338,9.852527849,99
2339,9.854291704,184
2340,9.855535354,80
2341,9.855791497,174
2342,9.86978501,663
2343,9.869785368,695
2344,9.871118198,99
2345,9.874839881,200
2346,9.880555057,695
2347,9.885774408,204
2348,9.88698937,99
2349,9.886990185,779
2350,9.888610815,99
2351,9.895991214,208
2352,9.895991923,209
2353,9.896699317,779
2354,9.896980501,172
2355,9.898400486,99
2356,9.900099708,170
2357,9.901533559,101
2358,9.902663672,105
2359,9.902996894,60
2360,9.909653886,165
2361,9.917977218,84
2362,9.922582019,811
2363,9.929770698,615
2364,9.929771458,615
2365,9.93064334,99
2366,9.936548192,103
2367,9.938069884,103
2368,9.938607374,202
2369,9.941660654,615
2370,9.943037451,99
2371,9.946491615,162
2372,9.948030147,196
2373,9.953450999,615
2374,9.96516463,647
2375,9.96799396,132
2376,9.968406596,99
2377,9.968761769,80
2378,9.972074286,647
2379,9.989559411,202
2380,9.989560078,207
2381,9.993537657,1111
2382,9.995192269,99
2383,9.999231267,655
2384,9.999231445,655
2385,10.00243617,125
2386,10.00322167,99
2387,10.00387286,122
2388,10.00959392,655
2389,10.01523591,116
2390,10.0192752,197
2391,10.02143844,655
2392,10.02303772,99
2393,10.02732353,84
2394,10.02827126,112
2395,10.03268156,687
2396,10.04050473,200
2397,10.04487746,687
2398,10.04650608,99
2399,10.05139475,196
2400,10.05500184,196
2401,10.05556382,60
2402,10.06520973,1283
2403,10.0744302,107
2404,10.07574829,615
2405,10.07780459,99
2406,10.08267057,110
2407,10.08550348,615
2408,10.08550388,111
2409,10.0855746,116
2410,10.08652263,99
2411,10.08982114,80
2412,10.09224012,192
2413,10.09358699,615
2414,10.10365194,611
2415,10.10485664,99
2416,10.11306488,193
2417,10.11444616,643
2418,10.1144467,611
2419,10.11576453,103
2420,10.12038627,120
2421,10.12495524,643
2422,10.12610633,99
2423,10.12908858,171
2424,10.13487774,643
2425,10.13567361,116
2426,10.14476655,182
2427,10.15410589,1235
2428,10.15533778,113
2429,10.15585539,84
2430,10.15696321,99
2431,10.1638375,194
2432,10.16383797,603
2433,10.1640358,205
2434,10.1739905,603
2435,10.17478573,198
2436,10.17491016,99
2437,10.18657111,109
2438,10.18689293,603
2439,10.18774918,113
2440,10.19826521,106
2441,10.19826591,603
2442,10.19826602,603
2443,10.20342043,103
2444,10.20854536,635
2445,10.20854597,635
2446,10.20995675,113
2447,10.21081522,99
2448,10.21481435,84
2449,10.21977229,199
2450,10.21977303,198
2451,10.21977322,191
2452,10.23433297,635
2453,10.23433318,871
2454,10.23538556,99
2455,10.23936881,54
2456,10.23959658,110
2457,10.24961209,595
2458,10.25109418,99
2459,10.25428608,112
2460,10.25684851,194
2461,10.26580899,595
2462,10.26580955,595
2463,10.26668263,207
2464,10.27358208,99
2465,10.27553672,99
2466,10.27880657,84
2467,10.28995379,591
2468,10.28995434,595
2469,10.29102031,103
2470,10.29259488,111
2471,10.29373054,112
2472,10.29704317,198
2473,10.29704386,185
2474,10.30726994,111
2475,10.30851199,623
2476,10.30851244,623
2477,10.3085126,623
2478,10.30946586,99
2479,10.30995187,103
2480,10.32466121,93
2481,10.32572574,767
2482,10.32679127,97
2483,10.32742463,99
2484,10.32745573,60
2485,10.3287179,192
2486,10.33984957,84
2487,10.34484786,166
2488,10.34498765,54
2489,10.34597372,112
2490,10.35115691,110
2491,10.35146458,60
2492,10.3574428,667
2493,10.35820696,112
2494,10.36098229,199
2495,10.36700887,667
2496,10.36821477,99
2497,10.37690394,667
2498,10.38046011,194
2499,10.39102178,667
2500,10.39178139,99
2501,10.39999988,111
2502,10.40089621,198
2503,10.40263605,699
2504,10.40294488,110
2505,10.40310134,84
2506,10.41160584,110
2507,10.41208375,699
2508,10.41303183,99
2509,10.41993036,97
2510,10.42888308,859
2511,10.42888361,97
2512,10.4289912,54
2513,10.4328906,97
2514,10.43742384,191
2515,10.44291815,855
2516,10.44291873,97
2517,10.4429188,195
2518,10.44291885,184
2519,10.4429189,185
2520,10.4545553,887
2521,10.45647195,111
2522,10.46008505,639
2523,10.46036222,54
2524,10.46155595,99
2525,10.46484266,84
2526,10.47055896,639
2527,10.47215051,99
2528,10.47434309,54
2529,10.4746279,111
2530,10.47726344,110
2531,10.4784088,111
2532,10.48338616,54
2533,10.48446339,639
2534,10.49666837,639
2535,10.496669,186
2536,10.4966691,185
2537,10.49867492,99
2538,10.50389829,639
2539,10.51324099,671
2540,10.51419128,99
2541,10.51646401,116
2542,10.51964062,671
2543,10.52555399,186
2544,10.5273614,84
2545,10.53002999,671
2546,10.53615889,99
2547,10.53701735,110
2548,10.5481236,190
2549,10.54812396,202
2550,10.55185556,1055
2551,10.56562684,631
2552,10.56641566,99
2553,10.569783,111
2554,10.57418345,631
2555,10.57786711,224
2556,10.58253237,99
2557,10.58253269,631
2558,10.58337643,99
2559,10.58364679,111
2560,10.58499014,111
2561,10.58779843,462
2562,10.59035239,84
2563,10.59096079,110
2564,10.59146531,60
2565,10.59311628,631
2566,10.59403063,99
2567,10.59825764,110
2568,10.59918827,225
2569,10.60148125,229
2570,10.60182986,60
2571,10.60185411,229
2572,10.60248321,60
2573,10.60319585,631
2574,10.61365323,663
2575,10.61490059,99
2576,10.62089504,207
2577,10.62621819,663
2578,10.63386361,663
2579,10.63833872,99
2580,10.6445035,855
2581,10.64696486,111
2582,10.65347764,80
2583,10.65456642,112
2584,10.65554638,851
2585,10.65668658,99
2586,10.66566501,108
2587,10.66566565,187
2588,10.66566585,171
2589,10.66566596,172
2590,10.67798486,883
2591,10.67798539,591
2592,10.67912092,99
2593,10.68358969,182
2594,10.68359046,591
2595,10.69157614,111
2596,10.69324402,591
2597,10.69356228,111
2598,10.6944329,99
2599,10.70293873,591
2600,10.70660144,111
2601,10.71367499,183
2602,10.71512772,84
2603,10.71774567,591
2604,10.71880391,99
2605,10.72401574,186
2606,10.72812839,623
2607,10.72812886,623
2608,10.72905424,103
2609,10.73415039,623
2610,10.73556262,99
2611,10.74308764,93
2612,10.74317362,54
2613,10.74452108,196
2614,10.74724295,97
2615,10.7478352,60
2616,10.75610789,1303
2617,10.75650117,111
2618,10.76615467,599
2619,10.76886818,144
2620,10.76989376,110
2621,10.77086385,99
2622,10.77663987,599
2623,10.77729832,84
2624,10.78489056,250
2625,10.78489085,599
2626,10.78489089,599
2627,10.78651083,99
2628,10.78684015,202
2629,10.78684041,209
2630,10.79368173,206
2631,10.7948904,112
2632,10.79581781,112
2633,10.79720308,110
2634,10.79756587,60
2635,10.80803427,631
2636,10.80803453,631
2637,10.80910136,103
2638,10.81099152,111
2639,10.81590122,215
2640,10.82994547,1343
2641,10.83124671,99
2642,10.83454877,175
2643,10.8377686,212
2644,10.83981572,84
2645,10.84801307,112
2646,10.85576071,158
2647,10.86295008,110
2648,10.8686652,210
2649,10.86984655,106
2650,10.86984717,875
2651,10.87997041,875
2652,10.88093851,99
2653,10.88896619,101
2654,10.88924563,105
2655,10.88961258,60
2656,10.89082505,875
2657,10.9000308,215
2658,10.90003119,213
2659,10.9000313,195
2660,10.90268853,84
2661,10.90369985,110
2662,10.90871685,111
2663,10.90936511,183
2664,10.91037711,54
2665,10.91146094,875
2666,10.91217191,99
2667,10.91392004,110
2668,10.92172189,875
2669,10.92871895,111
2670,10.93219232,907
2671,10.93344038,99
2672,10.93543855,187
2673,10.93906233,106
2674,10.93906282,106
2675,10.95004103,907
2676,10.95986935,907
2677,10.96111084,99
2678,10.96157378,193
2679,10.96490941,84
2680,10.96994226,619
2681,10.97570518,111
2682,10.98061998,99
2683,10.98062048,619
2684,10.9841557,99
2685,10.9911888,619
2686,10.9926185,177
2687,10.99275351,111
2688,10.99482913,99
2689,10.99673763,106
2690,10.99673834,146
2691,10.99746358,106
2692,11.00100651,619
2693,11.00100674,651
2694,11.00149369,111
2695,11.00270999,99
2696,11.01162067,651
2697,11.01258946,118
2698,11.02363908,112
2699,11.02754329,80
2700,11.03176313,1267
2701,11.0343765,99
2702,11.03967573,113
2703,11.04222462,619
2704,11.04871183,112
2705,11.05234151,619
2706,11.05313393,99
2707,11.05359142,109
2708,11.05460074,104
2709,11.05460126,100
2710,11.06396445,615
2711,11.07462299,615
2712,11.07462326,99
2713,11.0760691,99
2714,11.07967773,183
2715,11.08670578,647
2716,11.09179725,131
2717,11.09520227,84
2718,11.09576506,99
2719,11.09620355,647
2720,11.09827332,134
2721,11.09836541,54
2722,11.10262706,99
2723,11.10454855,163
2724,11.10460263,54
2725,11.10561299,1151
2726,11.10869323,111
2727,11.1093321,111
2728,11.11056758,110
2729,11.11109901,110
2730,11.11145189,60
2731,11.11251298,591
2732,11.1144704,99
2733,11.1191779,92
2734,11.1191785,98
2735,11.13609115,591
2736,11.13609178,591
2737,11.13860708,99
2738,11.14541823,111
2739,11.14572356,623
2740,11.15341798,623
2741,11.15372392,80
2742,11.15515201,99
2743,11.15738283,111
2744,11.16248792,171
2745,11.16608425,87
2746,11.16664411,87
2747,11.19808302,86
2748,11.20445337,111
2749,11.20471109,111
2750,11.20595158,959
2751,11.21477186,84
2752,11.21549618,112
2753,11.21944379,959
2754,11.22094682,99
2755,11.23036529,991
2756,11.23885354,89
2757,11.23885378,88
2758,11.23885387,84
2759,11.24607855,687
2760,11.24607864,687
2761,11.24744777,99
2762,11.24807934,112
2763,11.26076193,86
2764,11.2628232,110
2765,11.26641794,687
2766,11.26641818,687
2767,11.27027168,99
2768,11.27753416,84
2769,11.28991506,87
2770,11.28991537,687
2771,11.28991552,719
2772,11.29095757,99
2773,11.30384659,105
2774,11.30428561,60
2775,11.30792326,113
2776,11.30975296,719
2777,11.30975374,99
2778,11.30975385,719
2779,11.31246697,99
2780,11.31277989,111
2781,11.31897316,112
2782,11.32015706,88
2783,11.32015765,623
2784,11.32453193,99
2785,11.32834863,109
2786,11.33001129,623
2787,11.33954811,623
2788,11.34077917,80
2789,11.34106363,99
2790,11.35281658,623
2791,11.35281708,88
2792,11.35972783,655
2793,11.36089018,99
2794,11.36435959,86
2795,11.36885717,109
2796,11.37203209,655
2797,11.38200519,843
2798,11.38207686,112
2799,11.38316512,112
2800,11.38547674,99
2801,11.39207956,843
2802,11.39461122,85
2803,11.40244769,84
2804,11.41302539,875
2805,11.41803868,99
2806,11.4213495,659
2807,11.4229961,111
2808,11.42639429,93
2809,11.4264887,54
2810,11.43331672,101
2811,11.43331708,655
2812,11.43331714,655
2813,11.4383361,99
2814,11.43885536,112
2815,11.43910677,105
2816,11.43946357,60
2817,11.44174149,101
2818,11.44174197,655
2819,11.44337468,99
2820,11.44778348,111
2821,11.45242167,687
2822,11.4545061,88
2823,11.46491793,687
2824,11.46542889,80
2825,11.46578745,99
2826,11.48100039,1155
2827,11.48242982,54
2828,11.4893666,111
2829,11.49095764,187
2830,11.49115656,112
2831,11.49192298,97
2832,11.49237499,60
2833,11.50440026,111
2834,11.5231165,663
2835,11.53442528,54
2836,11.53565419,663
2837,11.53700895,99
2838,11.54191904,111
2839,11.54776123,663
2840,11.55543133,111
2841,11.55659191,663
2842,11.55727185,99
2843,11.5649678,695
2844,11.5702533,87
2845,11.57569007,695
2846,11.57644261,99
2847,11.58511479,807
2848,11.58846025,137
2849,11.58988279,80
2850,11.59272575,110
2851,11.59322913,60
2852,11.59679914,111
2853,11.59938916,111
2854,11.60576425,803
2855,11.61320153,99
2856,11.61366345,111
2857,11.6161197,835
2858,11.62583059,651
2859,11.62997205,99
2860,11.63585855,651
2861,11.63711647,99
2862,11.63943615,99
2863,11.64825392,651
2864,11.64846663,110
2865,11.65241438,86
2866,11.65713374,651
2867,11.65834627,99
2868,11.66387734,106
2869,11.66723011,683
2870,11.67742354,683
2871,11.6798922,99
2872,11.6802101,106
2873,11.68178962,106
2874,11.68484598,108
2875,11.68948771,827
2876,11.68948788,827
2877,11.69114951,99
2878,11.70780771,859
2879,11.71722535,80
2880,11.71811227,106
2881,11.73139706,587
2882,11.73139758,587
2883,11.73656116,99
2884,11.74825776,106
2885,11.75165567,587
2886,11.75165634,587
2887,11.75547648,103
2888,11.76888118,619
2889,11.76888151,587
2890,11.76888174,619
2891,11.77012699,103
2892,11.77107028,99
2893,11.77176452,106
2894,11.77596286,86
2895,11.78373475,129
2896,11.78648745,131
2897,11.7900306,619
2898,11.80986619,655
2899,11.8098668,1315
2900,11.81112015,103
2901,11.81788773,191
2902,11.82164311,135
2903,11.82783355,655
2904,11.82783404,655
2905,11.82893309,99
2906,11.83546398,140
2907,11.83683989,655
2908,11.84047201,80
2909,11.85050703,687
2910,11.8516214,99
2911,11.85584989,158
2912,11.85805638,687
2913,11.85805724,250
2914,11.85814866,54
2915,11.87758492,110
2916,11.87833343,60
2917,11.88830857,559
2918,11.88868548,101
2919,11.88872404,54
2920,11.88932461,85
2921,11.88997759,105
2922,11.89044775,60
2923,11.89054062,165
2924,11.89083173,99
2925,11.89223662,160
2926,11.89908802,559
2927,11.90260549,80
2928,11.90540426,165
2929,11.91137333,559
2930,11.91269124,99
2931,11.92227409,559
2932,11.92227444,591
2933,11.92368049,99
2934,11.93296121,591
2935,11.94290044,171
2936,11.95070725,85
2937,11.95223946,1263
2938,11.95486145,99
2939,11.96485706,99
2940,11.97116354,157
2941,11.971359,80
2942,11.98949365,655
2943,11.99759618,157
2944,11.9987563,141
2945,12.00171739,655
2946,12.00317616,99
2947,12.00624581,132
2948,12.01062582,129
2949,12.01498747,655
2950,12.02229415,655
2951,12.0241271,99
2952,12.03233007,655
2953,12.04244867,687
2954,12.04351111,99
2955,12.05263112,687
2956,12.05697844,123
2957,12.06557222,687
2958,12.06598385,125
2959,12.06621411,99
2960,12.07391544,86
2961,12.07391573,879
2962,12.07898714,123
2963,12.07964738,133
2964,12.09012286,80
2965,12.09519727,879
2966,12.09655925,99
2967,12.10579043,911
2968,12.11680183,623
2969,12.11759424,130
2970,12.11810553,99
2971,12.12153696,158
2972,12.12571549,619
2973,12.13111683,187
2974,12.13203069,118
2975,12.13668403,619
2976,12.14242138,403
2977,12.14302724,60
2978,12.14813491,619
2979,12.14813525,651
2980,12.15438057,651
2981,12.15770009,99
2982,12.15819898,99
2983,12.16389431,811
2984,12.17395622,117
2985,12.17842568,86
2986,12.18251943,120
2987,12.18308987,131
2988,12.18680129,843
2989,12.18680202,811
2990,12.18801524,103
2991,12.19804436,172
2992,12.21037166,651
2993,12.21037218,651
2994,12.21127408,99
2995,12.21481792,80
2996,12.22165804,168
2997,12.22235199,60
2998,12.22915128,651
2999,12.22915184,651
3000,12.2308084,99
3001,12.23903006,200
3002,12.25055304,683
3003,12.25055362,683
3004,12.2515866,99
3005,12.25782192,200
3006,12.25988867,87
3007,12.26513043,106
3008,12.26513082,146
3009,12.26676463,106
3010,12.27001456,1011
3011,12.27001505,651
3012,12.27110414,99
3013,12.27756941,80
3014,12.27786433,99
3015,12.27902353,99
3016,12.28455588,284
3017,12.28460639,54
3018,12.28643239,203
3019,12.28804039,651
3020,12.28804068,651
3021,12.288701,205
3022,12.28906681,99
3023,12.29718351,651
3024,12.30201822,206
3025,12.31047149,683
3026,12.31175058,99
3027,12.32025482,683
3028,12.33067763,867
3029,12.33509092,99
3030,12.33863375,867
3031,12.34954453,205
3032,12.35604319,211
3033,12.36126616,895
3034,12.36169259,84
3035,12.36169286,106
3036,12.36258832,99
3037,12.36921083,209
3038,12.37047615,193
3039,12.37372265,667
3040,12.38191208,663
3041,12.38314917,99
3042,12.39204009,663
3043,12.39204056,663
3044,12.39302634,99
3045,12.40250642,695
3046,12.40274734,80
3047,12.4033365,54
3048,12.41080302,198
3049,12.41437925,695
3050,12.41675067,99
3051,12.42793534,191
3052,12.44562579,615
3053,12.45914018,615
3054,12.46024432,178
3055,12.46077296,99
3056,12.46846507,615
3057,12.46846552,90
3058,12.47215798,615
3059,12.47337391,187
3060,12.47420043,99
3061,12.47707686,188
3062,12.48070877,647
3063,12.48147149,175
3064,12.49226713,647
3065,12.49312353,99
3066,12.51467155,1227
3067,12.51712462,80
3068,12.52218386,195
3069,12.52720587,195
3070,12.55839491,89
3071,12.56275317,583
3072,12.56418678,194
3073,12.56488757,99
3074,12.57268796,579
3075,12.5743455,80
3076,12.57826784,204
3077,12.57923185,207
3078,12.58357991,579
3079,12.58507679,99
3080,12.58702177,150
3081,12.58711583,54
3082,12.59118324,110
3083,12.59158424,60
3084,12.59339918,579
3085,12.60359393,611
3086,12.60359464,579
3087,12.60802084,103
3088,12.61690283,611
3089,12.61801194,99
3090,12.62677876,611
3091,12.62677898,99
3092,12.63246347,209
3093,12.63286098,99
3094,12.63712477,201
3095,12.63725008,923
3096,12.64528192,615
3097,12.64658128,99
3098,12.6539127,615
3099,12.66086983,105
3100,12.66395469,611
3101,12.66516979,99
3102,12.66954186,193
3103,12.67444851,611
3104,12.68473058,611
3105,12.68503395,207
3106,12.68678787,99
3107,12.68729049,213
3108,12.69553503,643
3109,12.69703862,205
3110,12.69923831,80
3111,12.70500133,643
3112,12.70500153,643
3113,12.70588515,99
3114,12.70833072,108
3115,12.72684607,1295
3116,12.73302476,99
3117,12.73878001,197
3118,12.74566028,647
3119,12.74566068,647
3120,12.74566084,647
3121,12.74691597,103
3122,12.75073916,193
3123,12.76856472,647
3124,12.76856507,679
3125,12.7694484,99
3126,12.77415937,90
3127,12.78893592,179
3128,12.78981786,180
3129,12.7899093,771
3130,12.78990994,679
3131,12.79105381,103
3132,12.79690453,187
3133,12.80254712,179
3134,12.80817832,771
3135,12.82269003,803
3136,12.82318384,105
3137,12.82368957,60
3138,12.82687433,99
3139,12.82717448,80
3140,12.83123198,655
3141,12.83786944,655
3142,12.83786983,655
3143,12.83903835,103
3144,12.8432731,179
3145,12.84797536,655
3146,12.84924709,99
3147,12.8570122,174
3148,12.86107072,687
3149,12.8661002,86
3150,12.87159983,687
3151,12.8718369,174
3152,12.87222851,160
3153,12.87287359,99
3154,12.88676717,80
3155,12.88732252,101
3156,12.88736981,54
3157,12.88752559,88
3158,12.88778691,105
3159,12.88819494,799
3160,12.88819525,60
3161,12.90352858,795
3162,12.90423589,99
3163,12.91148127,163
3164,12.91284599,827
3165,12.91995294,583
3166,12.92276451,99
3167,12.92728084,163
3168,12.93012632,583
3169,12.93012651,583
3170,12.93246093,99
3171,12.93613241,250
3172,12.93613273,103
3173,12.93921974,103
3174,12.94200574,583
3175,12.94451991,99
3176,12.94643,99
3177,12.94754692,110
3178,12.94799114,60
3179,12.95274405,583
3180,12.96037222,150
3181,12.9632464,101
3182,12.9632469,615
3183,12.96479989,99
3184,12.96910102,90
3185,12.97268315,615
3186,12.97300367,101
3187,12.97370226,54
3188,12.97503823,127
3189,12.97571113,132
3190,12.98109962,105
3191,12.98145707,60
3192,12.98271853,615
3193,12.98326032,99
3194,13.00487429,1343
3195,13.01175448,80
3196,13.01457388,659
3197,13.01528252,99
3198,13.01767568,93
3199,13.02217916,97
3200,13.02300027,60
3201,13.0235069,128
3202,13.02499192,659
3203,13.02935079,117
3204,13.03469516,659
3205,13.03586994,99
3206,13.04402023,659
3207,13.05601964,691
3208,13.05753527,99
3209,13.06053804,89
3210,13.0667083,114
3211,13.06768862,691
3212,13.07038089,54
3213,13.07048423,54
3214,13.07049139,54
3215,13.07055258,54
3216,13.07061642,60
3217,13.0709748,60
3218,13.07097532,60
3219,13.07097543,60
3220,13.07421126,80
3221,13.0789041,111
3222,13.08115686,111
3223,13.08390603,1187
3224,13.08465171,111
3225,13.08496439,99
3226,13.11844831,579
3227,13.11967463,115
3228,13.11984714,99
3229,13.12782633,579
3230,13.13413528,579
3231,13.13445196,113
3232,13.13476089,99
3233,13.14418904,579
3234,13.14418958,579
3235,13.14610441,103
3236,13.15432402,611
3237,13.15590222,99
3238,13.16339099,89
3239,13.16654233,611
3240,13.17203252,115
3241,13.17810366,611
3242,13.17864449,191
3243,13.18788972,109
3244,13.18934353,111
3245,13.19765927,1335
3246,13.19925213,80
3247,13.20115849,99
3248,13.20368659,112
3249,13.22882724,575
3250,13.23875157,113
3251,13.2466819,575
3252,13.24668206,575
3253,13.24793322,99
3254,13.25227458,111
3255,13.26900542,92
3256,13.27076567,575
3257,13.27076644,575
3258,13.27206494,99
3259,13.28592216,607
3260,13.28592249,607
3261,13.28592256,607
3262,13.28750383,99
3263,13.28778386,99
3264,13.28954723,113
3265,13.29659014,116
3266,13.309413,1211
3267,13.31210619,111
3268,13.31822113,591
3269,13.31956989,99
3270,13.31997151,113
3271,13.32448542,80
3272,13.32482073,99
3273,13.3299803,591
3274,13.33909348,334
3275,13.34051745,591
3276,13.34051787,591
3277,13.34185742,99
3278,13.35114579,237
3279,13.35157185,60
3280,13.35283396,591
3281,13.35411224,99
3282,13.35811901,113
3283,13.3625555,623
3284,13.3727272,623
3285,13.37600601,113
3286,13.37790706,99
3287,13.37822021,113
3288,13.38247948,86
3289,13.38285878,623
3290,13.38683312,80
3291,13.4114512,119
3292,13.42381956,627
3293,13.42479352,99
3294,13.42518453,114
3295,13.43262853,627
3296,13.44300172,627
3297,13.44406038,99
3298,13.45152697,206
3299,13.45295129,627
3300,13.46368105,627
3301,13.46456555,99
3302,13.47458876,111
3303,13.47517436,659
3304,13.47762822,117
3305,13.47800151,117
3306,13.48004999,93
3307,13.48020463,54
3308,13.48170345,97
3309,13.48239544,60
3310,13.48461417,94
3311,13.48503389,659
3312,13.48619459,99
3313,13.49204061,659
3314,13.49418216,106
3315,13.49618298,144
3316,13.51187446,158
3317,13.51213268,80
3318,13.51598192,1231
3319,13.51718418,99
3320,13.51852611,184
3321,13.52443761,171
3322,13.52490655,647
3323,13.53356924,209
3324,13.53442977,54
3325,13.54884704,647
3326,13.5539038,99
3327,13.55503984,647
3328,13.55870844,90
3329,13.5656935,647
3330,13.56727471,99
3331,13.57095673,198
3332,13.57415019,80
3333,13.58073173,679
3334,13.58446999,202
3335,13.58649774,191
3336,13.58667222,679
3337,13.58859474,99
3338,13.5970403,106
3339,13.59704108,106
3340,13.60012938,185
3341,13.60719898,1091
3342,13.6160852,611
3343,13.61755476,99
3344,13.62826212,607
3345,13.63779914,607
3346,13.63868304,203
3347,13.63913571,99
3348,13.6481568,607
3349,13.65101622,106
3350,13.6510171,146
3351,13.65858392,85
3352,13.65858436,607
3353,13.66460511,106
3354,13.66482413,99
3355,13.66934548,639
3356,13.66934595,639
3357,13.66934622,639
3358,13.66985727,208
3359,13.67026395,103
3360,13.670622,99
3361,13.67127069,99
3362,13.68710448,827
3363,13.69220963,205
3364,13.6942865,196
3365,13.69963567,80
3366,13.70613304,198
3367,13.71362196,108
3368,13.71967777,202
3369,13.72826994,627
3370,13.72827042,627
3371,13.72955851,99
3372,13.75038205,627
3373,13.75038277,627
3374,13.75189425,99
3375,13.759337,182
3376,13.76310844,86
3377,13.76781776,659
3378,13.76781824,659
3379,13.76849236,99
3380,13.7794967,185
3381,13.7808218,197
3382,13.79019584,1363
3383,13.79153516,99
3384,13.80055885,93
3385,13.81025011,197
3386,13.81025132,631
3387,13.82440102,80
3388,13.82646693,183
3389,13.82789628,631
3390,13.82903314,99
3391,13.83715175,631
3392,13.84238003,54
3393,13.84619214,187
3394,13.8488138,631
3395,13.85785849,663
3396,13.86682703,99
3397,13.86713695,99
3398,13.86791915,663
3399,13.86813224,179
3400,13.88087038,811
3401,13.8835294,182
3402,13.8842968,99
3403,13.88606539,177
3404,13.8871754,80
3405,13.89954301,93
3406,13.91669099,193
3407,13.92006391,647
3408,13.9320801,186
3409,13.93366573,97
3410,13.9342479,60
3411,13.94172286,647
3412,13.9429438,99
3413,13.95180093,647
3414,13.95967256,91
3415,13.96144781,679
3416,13.9671804,99
3417,13.9723867,679
3418,13.97302122,185
3419,13.98805126,187
3420,13.99071617,843
3421,13.99145908,186
3422,13.99229927,99
3423,13.99315582,99
3424,14.00069337,194
3425,14.0033286,843
3426,14.01193609,80
3427,14.01268457,875
3428,14.0141229,99
3429,14.02345373,579
3430,14.03175212,579
3431,14.03175229,579
3432,14.03292537,99
3433,14.03963827,201
3434,14.04159595,579
3435,14.0425966,99
3436,14.05097702,250
3437,14.05097736,579
3438,14.05483676,206
3439,14.06171997,611
3440,14.0620778,91
3441,14.06756411,110
3442,14.06797439,60
3443,14.06990441,99
3444,14.07148623,611
3445,14.07414311,80
3446,14.08258236,611
3447,14.08381439,99
3448,14.09272379,203
3449,14.09329933,199
3450,14.09458488,803
3451,14.10390695,799
3452,14.10717193,99
3453,14.10772082,198
3454,14.11339127,831
3455,14.12023723,194
3456,14.12304492,591
3457,14.12448055,99
3458,14.13284116,587
3459,14.1441724,587
3460,14.14417269,587
3461,14.14550748,103
3462,14.15382109,587
3463,14.16014153,99
3464,14.16141283,202
3465,14.16560023,619
3466,14.17261386,203
3467,14.17610656,619
3468,14.17753154,190
3469,14.17785066,99
3470,14.18417651,619
3471,14.18547747,85
3472,14.19445139,803
3473,14.19750942,99
3474,14.1994092,80
3475,14.20429835,803
3476,14.21200494,179
3477,14.2149784,835
3478,14.21660128,99
3479,14.22478693,603
3480,14.22517501,184
3481,14.23481119,603
3482,14.23609685,99
3483,14.24066743,175
3484,14.24427813,603
3485,14.25777531,91
3486,14.25777547,603
3487,14.26216805,99
3488,14.26841868,603
3489,14.27064859,180
3490,14.27656749,635
3491,14.27656793,635
3492,14.27804299,99
3493,14.28160252,178
3494,14.28474161,175
3495,14.28644339,635
3496,14.28644384,571
3497,14.28803977,99
3498,14.3075728,571
3499,14.30757359,571
3500,14.30939205,99
3501,14.31827723,175
3502,14.32424592,80
3503,14.3280096,567
3504,14.32800977,599
3505,14.32924636,99
3506,14.33535293,168
3507,14.34990395,599
3508,14.35403947,99
3509,14.36252557,89
3510,14.36867947,1347
3511,14.37105413,128
3512,14.37801624,571
3513,14.37949895,99
3514,14.38590659,118
3515,14.38643325,99
3516,14.38643363,571
3517,14.38701981,80
3518,14.38788292,122
3519,14.39694374,571
3520,14.39798697,99
3521,14.39827814,116
3522,14.40756457,571
3523,14.40756504,571
3524,14.4085005,99
3525,14.41889738,603
3526,14.42949817,603
3527,14.43107164,99
3528,14.43979346,114
3529,14.43997422,603
3530,14.45184117,113
3531,14.46013407,1283
3532,14.4609306,99
3533,14.46511255,88
3534,14.47005847,667
3535,14.48082978,667
3536,14.48212493,99
3537,14.49072178,667
3538,14.49154494,108
3539,14.49351174,112
3540,14.501105,667
3541,14.50198173,99
3542,14.50490036,108
3543,14.51068046,695
3544,14.51190847,80
3545,14.51864628,107
3546,14.52079465,695
3547,14.52181162,99
3548,14.53969883,1223
3549,14.55506971,623
3550,14.55651061,99
3551,14.55905554,124
3552,14.56537396,623
3553,14.5725107,119
3554,14.57338138,110
3555,14.57512331,623
3556,14.57596452,99
3557,14.58381552,623
3558,14.58914562,86
3559,14.59413941,623
3560,14.59564229,99
3561,14.60436892,175
3562,14.6048049,655
3563,14.6117079,655
3564,14.61202472,113
3565,14.61227299,99
3566,14.62343162,655
3567,14.63360392,111
3568,14.63446997,903
3569,14.63527882,99
3570,14.63664465,93
3571,14.6366894,54
3572,14.63749321,80
3573,14.65438019,899
3574,14.66128785,85
3575,14.66394397,931
3576,14.66506655,99
3577,14.66602853,114
3578,14.67715376,109
3579,14.67798411,110
3580,14.68209571,607
3581,14.68770566,607
3582,14.68902116,99
3583,14.69776426,603
3584,14.69934578,80
3585,14.70822807,603
3586,14.70822854,603
3587,14.70923908,103
3588,14.71616453,108
3589,14.71836212,635
3590,14.72616472,635
3591,14.72616515,635
3592,14.72673183,99
3593,14.72742678,110
3594,14.72813635,103
3595,14.73236543,111
3596,14.7458402,1347
3597,14.74736727,99
3598,14.75176676,99
3599,14.75372,87
3600,14.76181786,80
3601,14.76915176,111
3602,14.76992858,595
3603,14.76992891,595
3604,14.77144763,103
3605,14.77751486,158
3606,14.7838306,113
3607,14.78544095,113
3608,14.78780287,595
3609,14.7878034,595
3610,14.78780348,627
3611,14.7890839,99
3612,14.7896061,99
3613,14.80940557,627
3614,14.82362107,110
3615,14.8359142,111
3616,14.84976946,607
3617,14.85018032,112
3618,14.85122085,99
3619,14.86011892,607
3620,14.86461199,88
3621,14.87063826,603
3622,14.87218728,99
3623,14.88229814,603
3624,14.88706712,80
3625,14.88954179,111
3626,14.8899692,635
3627,14.89041828,107
3628,14.89132433,99
3629,14.89829902,635
3630,14.90767321,117
3631,14.90980334,799
3632,14.91221968,99
3633,14.92005186,146
3634,14.92005224,106
3635,14.9213451,106
3636,14.92180808,799
3637,14.92253559,155
3638,14.93244691,831
3639,14.93376014,99
3640,14.95562927,166
3641,14.96016289,715
3642,14.97027947,163
3643,14.97127649,715
3644,14.97186149,147
3645,14.97408019,99
3646,14.97951575,171
3647,14.9824696,85
3648,14.9824704,715
3649,14.99077744,715
3650,14.99205044,99
3651,15.00156382,715
3652,15.01190243,80
3653,15.01341688,747
3654,15.01455142,99
3655,15.01484841,138
3656,15.02302159,131
3657,15.02490498,747
3658,15.03388408,747
3659,15.03473857,99
3660,15.04165964,947
3661,15.04751834,105
3662,15.04823313,60
3663,15.05223587,603
3664,15.0533971,99
3665,15.06038502,119
3666,15.06365172,603
3667,15.0704079,86
3668,15.07428925,80
3669,15.07453466,603
3670,15.07618084,99
3671,15.07673482,116
3672,15.07718122,111
3673,15.08391461,603
3674,15.09374227,635
3675,15.0937427,603
3676,15.09873266,103
3677,15.10362819,635
3678,15.10698884,99
3679,15.11523711,635
3680,15.11999268,112
3681,15.12520938,99
3682,15.12520976,787
3683,15.12579896,99
3684,15.1272831,122
3685,15.13529833,635
3686,15.13643959,99
3687,15.14541157,635
3688,15.15381893,635
3689,15.15436783,99
3690,15.16109425,250
3691,15.16253733,90
3692,15.16537761,635
3693,15.16593261,123
3694,15.17765154,110
3695,15.17815301,60
3696,15.18103873,115
3697,15.18158235,114
3698,15.18507128,667
3699,15.18578312,101
3700,15.18610534,667
3701,15.18684376,99
3702,15.18705898,101
3703,15.18720287,54
3704,15.20339795,105
3705,15.20352182,771
3706,15.20368874,60
3707,15.20372157,80
3708,15.20684318,99
3709,15.21957534,771
3710,15.22312283,110
3711,15.22978799,803
3712,15.22978831,647
3713,15.2314238,99
3714,15.23503155,110
3715,15.2458383,108
3716,15.24989036,647
3717,15.24989089,647
3718,15.25173805,103
3719,15.25624074,93
3720,15.2575583,97
3721,15.25791237,60
3722,15.26824529,86
3723,15.26968628,647
3724,15.26968639,679
3725,15.27057509,99
3726,15.28100201,187
3727,15.28571884,114
3728,15.28746574,111
3729,15.28788526,679
3730,15.2878855,1203
3731,15.29216285,99
3732,15.31075933,115
3733,15.32421761,80
3734,15.32631407,575
3735,15.32631449,575
3736,15.32746874,103
3737,15.33977295,109
3738,15.34793531,575
3739,15.34793541,575
3740,15.34793545,575
3741,15.34952396,99
3742,15.35007304,99
3743,15.35291858,111
3744,15.35793823,603
3745,15.3677044,603
3746,15.36927599,86
3747,15.36953242,99
3748,15.3770768,603
3749,15.38130275,382
3750,15.3819547,60
3751,15.38247955,290
3752,15.38296157,60
3753,15.38707104,80
3754,15.39586286,111
3755,15.39628674,109
3756,15.40285637,1227
3757,15.40772864,108
3758,15.40895272,99
3759,15.41897735,109
3760,15.4212979,627
3761,15.42677354,99
3762,15.42763556,99
3763,15.43147741,627
3764,15.43852102,627
3765,15.43948285,99
3766,15.44861189,627
3767,15.45404655,86
3768,15.45794961,108
3769,15.45937861,659
3770,15.46022472,99
3771,15.47059475,659
3772,15.4789893,113
3773,15.47921099,112
3774,15.48312854,779
3775,15.48406872,99
3776,15.51166237,80
3777,15.51205815,110
3778,15.51996608,579
3779,15.5235927,106
3780,15.52366938,54
3781,15.52802761,116
3782,15.53168692,579
3783,15.5334973,99
3784,15.53997489,579
3785,15.55055405,579
3786,15.55055426,579
3787,15.55344156,99
3788,15.56474698,611
3789,15.56538155,86
3790,15.56816797,99
3791,15.57245837,122
3792,15.57384237,611
3793,15.57415486,80
3794,15.5800295,125
3795,15.58229652,125
3796,15.58321237,611
3797,15.58390883,99
3798,15.59191634,137
3799,15.59196795,54
3800,15.5960874,879
3801,15.60166046,110
3802,15.60221002,60
3803,15.61192285,879
3804,15.61277585,99
3805,15.6207836,131
3806,15.62136271,482
3807,15.62174898,911
3808,15.62174941,60
3809,15.63524381,139
3810,15.635631,187
3811,15.63565998,571
3812,15.64624556,571
3813,15.64624588,571
3814,15.64668008,125
3815,15.65358878,103
3816,15.65620916,571
3817,15.65820285,99
3818,15.65935913,89
3819,15.6679851,106
3820,15.66798553,571
3821,15.67634347,603
3822,15.67754664,99
3823,15.68517166,603
3824,15.68517192,603
3825,15.68569395,120
3826,15.6864629,103
3827,15.68792556,113
3828,15.69915052,118
3829,15.70006918,80
3830,15.70397375,1239
3831,15.7051615,99
3832,15.70839589,54
3833,15.71398342,663
3834,15.71593049,108
3835,15.72514544,663
3836,15.72603944,99
3837,15.73429818,663
3838,15.73994455,111
3839,15.74472954,695
3840,15.74555539,99
3841,15.75673724,695
3842,15.7584915,111
3843,15.76963255,1303
3844,15.77041684,99
3845,15.77172463,86
3846,15.78302947,99
3847,15.79219706,111
3848,15.79278518,111
3849,15.80541241,125
3850,15.81218666,635
3851,15.81218746,635
3852,15.81329174,103
3853,15.81834458,106
3854,15.81841275,54
3855,15.82174301,147
3856,15.82460757,80
3857,15.82791884,635
3858,15.82791898,635
3859,15.82927969,99
3860,15.84881702,667
3861,15.84881726,667
3862,15.85189235,99
3863,15.86039392,157
3864,15.86176474,85
3865,15.86695131,827
3866,15.86842806,99
3867,15.86976507,146
3868,15.8703625,147
3869,15.88702065,80
3870,15.88814944,859
3871,15.88814984,827
3872,15.88971802,103
3873,15.89911568,101
3874,15.89925437,54
3875,15.89966053,105
3876,15.90018008,60
3877,15.90604807,583
3878,15.90604843,583
3879,15.90747151,103
3880,15.90991042,137
3881,15.92309142,132
3882,15.92729358,579
3883,15.92729491,583
3884,15.92729494,579
3885,15.93108805,103
3886,15.93129595,99
3887,15.9372194,611
3888,15.93721957,103
3889,15.94462992,103
3890,15.94823451,611
3891,15.95195096,99
3892,15.95578603,87
3893,15.95717715,611
3894,15.96700239,126
3895,15.97284798,127
3896,15.97363807,129
3897,15.9813605,603
3898,15.98235768,99
3899,15.98974204,603
3900,16.00710486,603
3901,16.00715122,191
3902,16.00949598,603
3903,16.01097953,99
3904,16.01173549,80
3905,16.01344866,127
3906,16.02002316,635
3907,16.0302211,635
3908,16.03342873,99
3909,16.03483929,116
3910,16.03967601,771
3911,16.05068208,771
3912,16.05225378,99
3913,16.05767882,87
3914,16.06311442,803
3915,16.06798058,112
3916,16.07417539,80
3917,16.07823302,112
3918,16.0789506,111
3919,16.08231005,583
3920,16.08357032,99
3921,16.09096812,583
3922,16.09096837,111
3923,16.09233738,99
3924,16.10060139,163
3925,16.10075885,54
3926,16.10477864,583
3927,16.1054134,206
3928,16.1093269,183
3929,16.11462065,583
3930,16.11663719,110
3931,16.11710265,60
3932,16.11784296,99
3933,16.12440303,583
3934,16.12440325,615
3935,16.12462214,166
3936,16.1255484,99
3937,16.13415819,615
3938,16.13851399,134
3939,16.14026844,204
3940,16.14143994,99
3941,16.14562747,615
3942,16.15256439,99
3943,16.15361157,99
3944,16.16055752,84
3945,16.1619651,131
3946,16.1619652,1159
3947,16.16336598,99
3948,16.16855808,158
3949,16.17036032,196
3950,16.17940352,54
3951,16.18400768,651
3952,16.18509085,170
3953,16.18583543,181
3954,16.19459926,647
3955,16.19611181,99
3956,16.19736891,93
3957,16.19744166,54
3958,16.19947739,80
3959,16.20129866,183
3960,16.20404955,647
3961,16.20566776,97
3962,16.20625361,60
3963,16.2147506,647
3964,16.21609421,99
3965,16.22465364,679
3966,16.23386621,679
3967,16.23590475,99
3968,16.23998965,190
3969,16.24405781,815
3970,16.25258097,106
3971,16.25258133,106
3972,16.261745,197
3973,16.26345382,250
3974,16.26784034,815
3975,16.26947001,99
3976,16.27398935,94
3977,16.27616175,847
3978,16.27760253,110
3979,16.27831077,60
3980,16.28878833,188
3981,16.28967456,186
3982,16.30515218,173
3983,16.3088368,106
3984,16.30883721,695
3985,16.30906863,146
3986,16.31056935,106
3987,16.31146745,99
3988,16.31587085,171
3989,16.32480856,80
3990,16.32915215,695
3991,16.32915239,695
3992,16.33746905,99
3993,16.3448254,167
3994,16.34921426,691
3995,16.34921476,691
3996,16.35306909,99
3997,16.36122299,137
3998,16.36617982,87
3999,16.36713628,723
4000,16.36863896,125
4001,16.36955485,114
4002,16.38705715,80
4003,16.38849133,723
4004,16.38849157,723
4005,16.3897819,99
4006,16.40815803,1015
4007,16.40966397,108
4008,16.41045019,99
4009,16.43020697,1015
4010,16.43054207,110
4011,16.44045661,1047
4012,16.4412139,99
4013,16.45984081,111
4014,16.47127044,99
4015,16.47127092,711
4016,16.471271,93
4017,16.47127105,84
4018,16.47246085,97
4019,16.47298377,60
4020,16.47604277,112
4021,16.47711249,107
4022,16.48174271,711
4023,16.48283448,99
4024,16.48879616,711
4025,16.4985622,711
4026,16.49961323,99
4027,16.50957682,711
4028,16.51175491,80
4029,16.51978423,743
4030,16.52144653,99
4031,16.52194071,112
4032,16.52978612,743
4033,16.53165633,111
4034,16.53984833,743
4035,16.54121423,99
4036,16.54977072,1075
4037,16.55199393,86
4038,16.56569847,115
4039,16.57139001,105
4040,16.57201621,60
4041,16.5723757,1075
4042,16.57375559,99
4043,16.57417886,80
4044,16.58053632,109
4045,16.5825411,107
4046,16.59244283,1107
4047,16.60181487,743
4048,16.60701926,99
4049,16.61603757,743
4050,16.62234072,743
4051,16.62600187,118
4052,16.62678648,99
4053,16.63406897,743
4054,16.63647563,110
4055,16.64799078,743
4056,16.64964329,99
4057,16.65048581,112
4058,16.65491143,775
4059,16.66540431,775
4060,16.6654051,86
4061,16.66674035,99
4062,16.68425245,775
4063,16.68798557,114
4064,16.69055557,111
4065,16.6915617,187
4066,16.69698087,1031
4067,16.6990899,80
4068,16.70251688,109
4069,16.71224609,101
4070,16.71853017,1031
4071,16.71970366,99
4072,16.72409138,1063
4073,16.72409183,108
4074,16.7286724,101
4075,16.72896155,54
4076,16.73154526,105
4077,16.73196779,60
4078,16.73490049,663
4079,16.73604949,99
4080,16.7387975,109
4081,16.74568319,663
4082,16.74568392,215
4083,16.75266353,110
4084,16.75316864,60
4085,16.75457058,110
4086,16.75784222,663
4087,16.75915149,99
4088,16.76791738,659
4089,16.76840445,659
4090,16.76940285,99
4091,16.77150954,166
4092,16.77185993,60
4093,16.78022642,85
4094,16.78813314,691
4095,16.78813344,691
4096,16.7959832,99
4097,16.79890901,111
4098,16.80389641,115
4099,16.80611102,691
4100,16.80611126,823
4101,16.80763029,99
4102,16.81008525,117
4103,16.82308651,112
4104,16.82455204,80
4105,16.82904433,823
4106,16.83912425,99
4107,16.84057827,99
4108,16.84896941,855
4109,16.84896989,587
4110,16.84896993,587
4111,16.85005478,103
4112,16.85798221,112
4113,16.87003535,587
4114,16.8700357,587
4115,16.8709204,109
4116,16.87133786,99
4117,16.87151313,112
4118,16.881616,101
4119,16.88205046,105
4120,16.88255194,60
4121,16.88826146,619
4122,16.88826175,587
4123,16.88826184,619
4124,16.89034136,103
4125,16.89072105,103
4126,16.91018934,619
4127,16.91296904,99
4128,16.91720478,112
4129,16.91996645,799
4130,16.92479216,117
4131,16.93024505,799
4132,16.9315575,99
4133,16.94009173,831
4134,16.949397,587
4135,16.95088108,99
4136,16.95976909,587
4137,16.95976943,587
4138,16.96109268,99
4139,16.9618818,115
4140,16.97004866,587
4141,16.9762626,112
4142,16.97746218,113
4143,16.98241604,587
4144,16.98324239,99
4145,16.99166052,619
4146,17.00247837,619
4147,17.00313704,191
4148,17.00641309,132
4149,17.01223365,619
4150,17.01313933,99
4151,17.01392115,110
4152,17.02217609,827
4153,17.03279569,579
4154,17.03279615,579
4155,17.03312669,111
4156,17.03389894,103
4157,17.04164519,579
4158,17.04313795,99
4159,17.0523822,579
4160,17.05910061,579
4161,17.06019515,99
4162,17.06388024,106
4163,17.0692809,611
4164,17.0707607,111
4165,17.08341725,611
4166,17.08341767,611
4167,17.08454914,110
4168,17.08579965,99
4169,17.08640143,115
4170,17.09872949,117
4171,17.10370417,819
4172,17.10541094,54
4173,17.10596785,99
4174,17.11486462,819
4175,17.12264166,851
4176,17.12409741,99
4177,17.13399539,631
4178,17.14397695,631
4179,17.14455683,140
4180,17.14709213,99
4181,17.14882547,99
4182,17.15365182,179
4183,17.1539323,631
4184,17.16638104,54
4185,17.16651056,54
4186,17.1665143,54
4187,17.166871,60
4188,17.16687131,60
4189,17.16782203,631
4190,17.17080215,99
4191,17.17544472,663
4192,17.17544561,663
4193,17.17689554,99
4194,17.19056194,198
4195,17.19271081,198
4196,17.19404232,779
4197,17.19404261,579
4198,17.19540937,99
4199,17.20399183,579
4200,17.20418059,191
4201,17.21167851,579
4202,17.21293043,99
4203,17.22350757,579
4204,17.23122952,579
4205,17.23785868,99
4206,17.24625907,611
4207,17.24625926,611
4208,17.24761611,99
4209,17.25127854,202
4210,17.25313943,611
4211,17.25847933,205
4212,17.27128689,199
4213,17.27244656,187
4214,17.2765213,1151
4215,17.27762895,99
4216,17.28643999,575
4217,17.29312343,575
4218,17.29312376,575
4219,17.2945017,103
4220,17.30354434,575
4221,17.30444179,99
4222,17.30990837,196
4223,17.31540863,571
4224,17.31662893,171
4225,17.32372835,194
4226,17.32846672,603
4227,17.33121738,99
4228,17.33808561,603
4229,17.33808621,603
4230,17.33934196,99
4231,17.35670869,827
4232,17.36114006,192
4233,17.37061513,827
4234,17.37061534,859
4235,17.37154339,99
4236,17.37484143,192
4237,17.3764231,185
4238,17.38552597,639
4239,17.38552626,639
4240,17.38685027,99
4241,17.40916493,639
4242,17.40916534,639
4243,17.41048811,99
4244,17.41378971,176
4245,17.43146682,671
4246,17.43146733,671
4247,17.43824332,103
4248,17.44263798,158
4249,17.44555198,851
4250,17.4456305,173
4251,17.44719905,99
4252,17.46316195,99
4253,17.46745239,181
4254,17.46928294,575
4255,17.47671044,575
4256,17.47815506,99
4257,17.48122986,187
4258,17.48227965,193
4259,17.49025554,575
4260,17.50038601,575
4261,17.5016865,99
4262,17.51093053,575
4263,17.51695878,607
4264,17.51695894,607
4265,17.51825314,99
4266,17.52837257,193
4267,17.53068012,607
4268,17.53115711,99
4269,17.53693392,189
4270,17.54889408,1203
4271,17.57175636,599
4272,17.57292487,185
4273,17.57391803,99
4274,17.58487431,599
4275,17.58580326,106
4276,17.58580335,146
4277,17.58610665,150
4278,17.58615975,54
4279,17.58818682,106
4280,17.58901527,194
4281,17.58993795,599
4282,17.59101069,99
4283,17.59198557,110
4284,17.59282613,60
4285,17.59298749,208
4286,17.59982871,204
4287,17.60339163,599
4288,17.61315028,599
4289,17.61435454,99
4290,17.62300579,631
4291,17.62300607,631
4292,17.62985475,99
4293,17.6319784,631
4294,17.63649882,93
4295,17.63728365,97
4296,17.63783119,60
4297,17.64005187,583
4298,17.64088433,99
4299,17.64426576,200
4300,17.65483985,583
4301,17.6565105,190
4302,17.66335944,583
4303,17.66459457,99
4304,17.66938068,183
4305,17.66984371,615
4306,17.66984415,583
4307,17.67080537,103
4308,17.67130108,168
4309,17.6814942,615
4310,17.682579,99
4311,17.70672567,174
4312,17.71841105,175
4313,17.72334477,178
4314,17.73192829,108
4315,17.73366583,1343
4316,17.742738,615
4317,17.7465818,99
4318,17.75217555,615
4319,17.76132722,615
4320,17.76261532,99
4321,17.76351347,190
4322,17.77110337,615
4323,17.77212923,192
4324,17.77475962,207
4325,17.78542335,615
4326,17.78713588,99
4327,17.79197107,647
4328,17.80216462,647
4329,17.80349472,99
4330,17.81213735,209
4331,17.81401152,647
4332,17.83193408,196
4333,17.84502988,1307
4334,17.84665899,99
4335,17.86460806,595
4336,17.86460872,99
4337,17.86596335,99
4338,17.86724655,196
4339,17.87503773,595
4340,17.87935644,194
4341,17.88044333,187
4342,17.88499196,595
4343,17.88610345,99
4344,17.8928504,595
4345,17.90348645,595
4346,17.90388513,111
4347,17.90427586,105
4348,17.90467734,99
4349,17.90512083,60
4350,17.90721355,97
4351,17.90771516,60
4352,17.91117182,413
4353,17.91194648,60
4354,17.91754292,627
4355,17.91754327,627
4356,17.91880286,99
4357,17.91975914,189
4358,17.9238721,627
4359,17.93654778,144
4360,17.93715793,192
4361,17.94247692,1267
4362,17.94620028,99
4363,17.95622812,587
4364,17.96416488,587
4365,17.96563019,99
4366,17.97177242,208
4367,17.97419204,587
4368,17.97419257,587
4369,17.97518096,99
4370,17.983257,212
4371,17.983882,587
4372,17.98400648,201
4373,17.98997487,178
4374,17.9903367,60
4375,17.99775228,615
4376,17.99876225,99
4377,17.9991985,201
4378,18.00821816,615
4379,18.01777375,615
4380,18.01914162,99
4381,18.04364144,204
4382,18.04781829,631
4383,18.04781881,631
4384,18.04900806,99
4385,18.05039351,200
4386,18.05898114,106
4387,18.07023933,631
4388,18.07023985,631
4389,18.07257775,99
4390,18.09019922,663
4391,18.09019999,663
4392,18.09103951,201
4393,18.09215504,103
4394,18.09264024,201
4395,18.09944224,54
4396,18.10499449,193
4397,18.10618598,191
4398,18.10782137,843
4399,18.1305233,247
4400,18.13061944,54
4401,18.1447401,185
4402,18.14940041,663
4403,18.15066215,99
4404,18.15613469,186
4405,18.1600134,663
4406,18.17008413,663
4407,18.1716172,99
4408,18.17270486,199
4409,18.17316603,200
4410,18.18077287,663
4411,18.19054008,691
4412,18.19168979,99
4413,18.19971841,691
4414,18.20951475,200
4415,18.21919643,891
4416,18.22173265,99
4417,18.23182356,891
4418,18.23273227,200
4419,18.24659777,923
4420,18.24842602,99
4421,18.25305767,99
4422,18.25305841,559
4423,18.26135339,196
4424,18.26293665,559
4425,18.26423768,99
4426,18.27290088,559
4427,18.2729012,591
4428,18.27534249,99
4429,18.27615898,207
4430,18.27722922,195
4431,18.28554328,591
4432,18.30250645,1035
4433,18.31027782,99
4434,18.3174004,639
4435,18.32468279,639
4436,18.32566462,202
4437,18.32664111,99
4438,18.33175031,192
4439,18.33420548,639
4440,18.34220702,639
4441,18.3431623,99
4442,18.35198431,667
4443,18.36191888,667
4444,18.36318788,99
4445,18.36838751,183
4446,18.38249974,194
4447,18.38405671,192
4448,18.40103406,971
4449,18.41274733,971
4450,18.42627972,99
4451,18.43259962,1003
4452,18.43858615,187
4453,18.43892657,198
4454,18.44011068,643
4455,18.44110592,99
4456,18.44703905,643
4457,18.44854817,201
4458,18.45683738,643
4459,18.45789561,99
4460,18.4671787,643
4461,18.46717904,675
4462,18.4685304,99
4463,18.48228206,171
4464,18.48778594,675
4465,18.48778626,787
4466,18.48927379,99
4467,18.48991228,200
4468,18.49186997,198
4469,18.50783715,194
4470,18.51050414,819
4471,18.51050467,787
4472,18.51410258,103
4473,18.52969473,591
4474,18.52969934,591
4475,18.53077039,99
4476,18.54241469,191
4477,18.54953089,591
4478,18.54953166,591
4479,18.55097995,103
4480,18.55840459,196
4481,18.56918513,591
4482,18.5691857,623
4483,18.56956096,623
4484,18.57099066,99
4485,18.57197347,99
4486,18.57344182,195
4487,18.57612427,189
4488,18.58355555,623
4489,18.59130587,847
4490,18.5921234,99
4491,18.61241855,847
4492,18.61478673,185
4493,18.62249335,879
4494,18.62337745,99
4495,18.62819528,192
4496,18.63265254,603
4497,18.64188797,599
4498,18.643539,99
4499,18.65233484,599
4500,18.65233529,599
4501,18.65316009,103
4502,18.66036496,599
4503,18.66155682,194
4504,18.66210184,99
4505,18.66973799,631
4506,18.67554554,204
4507,18.6776084,201
4508,18.67909513,631
4509,18.67993489,99
4510,18.69020759,631
4511,18.71040948,1235
4512,18.71180179,99
4513,18.71334009,199
4514,18.7214871,619
4515,18.72891999,191
4516,18.73037429,88
4517,18.73170701,619
4518,18.73284383,99
4519,18.7422881,619
4520,18.75271437,619
4521,18.75358327,99
4522,18.76190704,651
4523,18.76223487,206
4524,18.76849427,178
4525,18.77158148,108
4526,18.77251917,651
4527,18.77339791,99
4528,18.78011721,184
4529,18.78119421,179
4530,18.79319595,1355
4531,18.79759601,105
4532,18.79865644,60
4533,18.81964293,188
4534,18.82459863,158
4535,18.82491375,655
4536,18.82582202,99
4537,18.83173717,655
4538,18.83512538,198
4539,18.84188615,655
4540,18.84323078,99
4541,18.8490989,206
4542,18.8519674,655
4543,18.86574913,683
4544,18.86721266,99
4545,18.87370868,683
4546,18.87474772,191
4547,18.88453313,771
4548,18.89411001,200
4549,18.89478853,107
4550,18.89502836,771
4551,18.89511726,176
4552,18.90066631,101
4553,18.90110696,105
4554,18.90154836,60
4555,18.90827967,106
4556,18.90828034,106
4557,18.91332281,803
4558,18.91332337,619
4559,18.91370343,166
4560,18.91500024,99
4561,18.92373075,619
4562,18.92503595,99
4563,18.93356335,619
4564,18.93486905,101
4565,18.93541398,101
4566,18.93603673,54
4567,18.93770017,105
4568,18.93836197,60
4569,18.93836224,103
4570,18.93953539,183
4571,18.94013625,103
4572,18.94371067,619
4573,18.94502089,99
4574,18.95356552,651
4575,18.95560935,200
4576,18.96446171,651
4577,18.96604757,99
4578,18.98444357,1215
4579,18.99136689,201
4580,18.99417769,571
4581,18.99445661,571
4582,18.99529555,99
4583,19.00792627,571
4584,19.01055211,99
4585,19.01843985,571
4586,19.01966106,199
4587,19.02188401,189
4588,19.02335315,99
4589,19.02344423,182
4590,19.02428953,99
4591,19.02711729,571
4592,19.03757151,603
4593,19.03757185,603
4594,19.0386881,99
4595,19.04202462,99
4596,19.04347244,99
4597,19.04724287,603
4598,19.06044974,174
4599,19.06691924,1343
4600,19.06841951,99
4601,19.07619673,181
4602,19.08559746,607
4603,19.08559779,607
4604,19.08559788,111
4605,19.08727919,99
4606,19.10765892,607
4607,19.10765932,607
4608,19.11219811,103
4609,19.11440286,193
4610,19.11615387,194
4611,19.12758976,202
4612,19.12876369,639
4613,19.128764,639
4614,19.12965851,99
4615,19.14721057,819
4616,19.14721106,819
4617,19.14896689,103
4618,19.16628822,851
4619,19.16692953,211
4620,19.16758574,99
4621,19.1769935,635
4622,19.17848521,193
4623,19.1862202,187
4624,19.1896924,635
4625,19.19993678,635
4626,19.20769899,99
4627,19.21054502,635
4628,19.21906534,667
4629,19.22068095,99
4630,19.22349292,185
4631,19.22608951,199
4632,19.22915907,667
4633,19.23347796,210
4634,19.24898635,1343
4635,19.25060005,99
4636,19.27047471,203
4637,19.27621346,595
4638,19.28022505,595
4639,19.28164698,99
4640,19.28521107,204
4641,19.29038345,595
4642,19.30184445,595
4643,19.30537078,99
4644,19.3060673,188
4645,19.30679046,185
4646,19.31349696,595
4647,19.32399477,627
4648,19.32399516,627
4649,19.32543669,103
4650,19.33159879,99
4651,19.33159933,627
4652,19.33324453,99
4653,19.34065243,183
4654,19.34206437,775
4655,19.34272278,99
4656,19.35114404,174
4657,19.35163564,555
4658,19.36574529,555
4659,19.36704931,99
4660,19.37544154,555
4661,19.37544212,551
4662,19.37669064,99
4663,19.38657176,583
4664,19.39642561,583
4665,19.3975175,182
4666,19.39808623,99
4667,19.41575914,196
4668,19.41652927,211
4669,19.42419057,1147
4670,19.43836155,583
4671,19.43979217,99
4672,19.4419583,201
4673,19.45564456,202
4674,19.45711336,583
4675,19.46287353,93
4676,19.46406491,97
4677,19.46457756,60
4678,19.46695645,583
4679,19.46862457,99
4680,19.47023954,191
4681,19.47703439,583
4682,19.48808399,611
4683,19.48808419,583
4684,19.48808446,611
4685,19.48943294,103
4686,19.4901483,99
4687,19.51005268,611
4688,19.51273641,175
4689,19.5164903,163
4690,19.52679647,843
4691,19.52679669,843
4692,19.52866327,151
4693,19.52896249,99
4694,19.55127513,579
4695,19.55127539,875
4696,19.55560864,103
4697,19.56080799,130
4698,19.56949775,579
4699,19.56949847,579
4700,19.56949873,579
4701,19.5712205,99
4702,19.57184885,99
4703,19.57650956,123
4704,19.57906899,175
4705,19.58698535,611
4706,19.58698553,611
4707,19.58815574,99
4708,19.6235204,134
4709,19.6244238,158
4710,19.62551215,149
4711,19.6293854,1171
4712,19.62968483,134
4713,19.66392144,93
4714,19.66561605,130
4715,19.67849724,145
4716,19.68342128,97
4717,19.6838351,60
4718,19.68399339,158
4719,19.69130941,691
4720,19.69291268,99
4721,19.70116845,691
4722,19.71366043,691
4723,19.71470593,99
4724,19.72150744,179
4725,19.72267716,169
4726,19.72455631,691
4727,19.7245568,99
4728,19.72575653,99
4729,19.73336456,173
4730,19.73403981,691
4731,19.74377637,93
4732,19.74377687,723
4733,19.74513197,99
4734,19.74546781,97
4735,19.74583836,60
4736,19.74630022,158
4737,19.76452434,146
4738,19.76452493,106
4739,19.76452513,723
4740,19.76728008,106
4741,19.77388642,108
4742,19.77411631,723
4743,19.77488268,99
4744,19.77892704,152
4745,19.78414876,975
4746,19.78481014,156
4747,19.79441365,975
4748,19.79560636,99
4749,19.79794712,159
4750,19.79840495,170
4751,19.81609612,1007
4752,19.82428755,106
4753,19.82428778,146
4754,19.82456371,607
4755,19.82510803,106
4756,19.82576916,99
4757,19.83535753,607
4758,19.84344562,607
4759,19.84344621,607
4760,19.84766993,99
4761,19.85008813,178
4762,19.85617615,164
4763,19.85667791,607
4764,19.85993537,99
4765,19.86743411,639
4766,19.87727452,639
4767,19.87861543,99
4768,19.88614437,146
4769,19.88614458,106
4770,19.88677087,639
4771,19.88704788,106
4772,19.88947535,158
4773,19.90279876,142
4774,19.90352795,151
4775,19.90453492,187
4776,19.90566057,1259
4777,19.91771226,144
4778,19.9197259,587
4779,19.92080316,99
4780,19.92806287,587
4781,19.92806304,587
4782,19.92806312,587
4783,19.93271537,99
4784,19.94669911,619
4785,19.94669923,587
4786,19.94908345,103
4787,19.96391086,146
4788,19.9676424,619
4789,19.967643,619
4790,19.96915006,99
4791,19.97195614,147
4792,19.98688732,839
4793,19.98688752,591
4794,19.98688773,591
4795,19.98908548,99
4796,19.98993024,99
4797,20.00604302,591
4798,20.00604351,591
4799,20.00748706,103
4800,20.01063886,156
4801,20.01170856,147
4802,20.02937844,623
4803,20.0293788,623
4804,20.038257,99
4805,20.04077167,143
4806,20.04985134,1231
4807,20.04985191,99
4808,20.05067601,99
4809,20.06627211,135
4810,20.071807,627
4811,20.07180871,627
4812,20.07362003,99
4813,20.07681286,132
4814,20.0773385,627
4815,20.08826544,627
4816,20.08968649,99
4817,20.0902199,158
4818,20.0994518,659
4819,20.10969685,659
4820,20.11107785,99
4821,20.11770581,127
4822,20.11893616,111
4823,20.12047641,795
4824,20.13163698,791
4825,20.13196792,110
4826,20.14023456,99
4827,20.14100376,823
4828,20.15104258,567
4829,20.15174571,99
4830,20.16039511,567
4831,20.16866026,567
4832,20.16956312,99
4833,20.17227635,114
4834,20.18272593,567
4835,20.18272672,567
4836,20.18420621,99
4837,20.18501755,112
4838,20.18915678,599
4839,20.19720536,107
4840,20.19924101,107
4841,20.20141036,599
4842,20.20249514,99
4843,20.21104367,599
4844,20.21918083,815
4845,20.22051755,99
4846,20.22944878,171
4847,20.2295868,815
4848,20.23381224,106
4849,20.23381235,146
4850,20.23497441,106
4851,20.23680839,109
4852,20.24096357,847
4853,20.24225849,99
4854,20.2521456,647
4855,20.25959997,116
4856,20.26360817,647
4857,20.26797948,99
4858,20.27333676,643
4859,20.28437417,643
4860,20.28679231,99
4861,20.29183617,675
4862,20.29222984,106
4863,20.3032825,675
4864,20.30440008,113
4865,20.30505014,99
4866,20.30552696,113
4867,20.31773236,158
4868,20.32151326,105
4869,20.32217962,60
4870,20.36281767,587
4871,20.36375857,183
4872,20.37106323,587
4873,20.37458832,205
4874,20.37532184,99
4875,20.37616313,99
4876,20.38088051,587
4877,20.39241906,587
4878,20.39347052,99
4879,20.40264044,619
4880,20.40264094,587
4881,20.40550849,103
4882,20.40982712,210
4883,20.41245579,196
4884,20.41629927,619
4885,20.4171711,99
4886,20.42248206,196
4887,20.42477047,619
4888,20.44321513,1311
4889,20.44761964,99
4890,20.45471447,663
4891,20.46108838,101
4892,20.46116832,54
4893,20.46205553,210
4894,20.46511976,663
4895,20.46602238,99
4896,20.47463683,203
4897,20.47497855,659
4898,20.4757271,101
4899,20.47581081,54
4900,20.48105608,105
4901,20.48155739,60
4902,20.48644107,659
4903,20.4879034,99
4904,20.49553961,691
4905,20.50557192,691
4906,20.50687098,99
4907,20.51677921,198
4908,20.51679143,803
4909,20.5213678,197
4910,20.52961179,206
4911,20.53680912,803
4912,20.54166333,99
4913,20.54507055,835
4914,20.55706134,571
4915,20.55706173,571
4916,20.55794829,99
4917,20.56575509,571
4918,20.5672291,99
4919,20.57017073,204
4920,20.57843083,571
4921,20.58478963,571
4922,20.58636389,206
4923,20.58755506,99
4924,20.59853646,603
4925,20.59853726,603
4926,20.60060656,99
4927,20.60975181,603
4928,20.60975221,783
4929,20.61066979,99
4930,20.62009839,200
4931,20.6211112,199
4932,20.62713159,639
4933,20.62713218,635
4934,20.6277336,175
4935,20.62858624,99
4936,20.63408373,208
4937,20.6495106,635
4938,20.64951105,635
4939,20.6568572,206
4940,20.65782258,103
4941,20.66943294,667
4942,20.66943363,667
4943,20.67038921,99
4944,20.68898029,187
4945,20.70255814,192
4946,20.70456402,194
4947,20.70913403,1215
4948,20.70992781,99
4949,20.72867026,651
4950,20.72922911,651
4951,20.73036502,99
4952,20.74210225,184
4953,20.7531183,651
4954,20.75311909,647
4955,20.75917361,99
4956,20.75986306,184
4957,20.76065998,679
4958,20.77134124,679
4959,20.7732536,99
4960,20.77556598,188
4961,20.77610494,99
4962,20.77813602,108
4963,20.78940209,779
4964,20.79892594,779
4965,20.80141703,99
4966,20.80983797,807
4967,20.81197883,201
4968,20.81554368,206
4969,20.82188152,567
4970,20.82347689,99
4971,20.82471144,199
4972,20.83089071,567
4973,20.83089119,567
4974,20.83173082,103
4975,20.8417724,150
4976,20.84177268,567
4977,20.84368144,99
4978,20.85143683,567
4979,20.85209105,110
4980,20.85293651,60
4981,20.86204153,599
4982,20.86459452,99
4983,20.87185517,599
4984,20.87185553,599
4985,20.87452513,200
4986,20.87721669,99
4987,20.88271517,194
4988,20.89140267,1291
4989,20.90156219,603
4990,20.90305984,99
4991,20.91903208,200
4992,20.92108894,202
4993,20.92168588,599
4994,20.9333808,599
4995,20.93365437,202
4996,20.93500606,99
4997,20.94266308,599
4998,20.94449071,187
4999,20.95272121,631
5000,20.96323769,631
5001,20.96754413,99
5002,20.97412019,803
5003,20.97644811,194
5004,20.98579974,199
5005,21.00081451,211
5006,21.00400855,207
5007,21.02676298,579
5008,21.02773488,99
5009,21.03420355,575
5010,21.04152364,202
5011,21.04436126,575
5012,21.04552456,99
5013,21.05536738,575
5014,21.05536765,575
5015,21.058906,198
5016,21.05929796,99
5017,21.06929712,607
5018,21.07405419,206
5019,21.07578706,607
5020,21.07681442,99
5021,21.08565323,607
5022,21.09036887,99
5023,21.09192959,99
5024,21.09559911,783
5025,21.1055746,783
5026,21.10659322,211
5027,21.1070301,99
5028,21.10861576,205
5029,21.12105042,203
5030,21.12471465,667
5031,21.1247155,815
5032,21.12586814,103
5033,21.1353075,667
5034,21.13653673,99
5035,21.14002153,183
5036,21.14494804,667
5037,21.14494866,134
5038,21.14628436,99
5039,21.15531977,667
5040,21.15959251,198
5041,21.16547394,699
5042,21.16694977,99
5043,21.17836028,192
5044,21.17881796,699
5045,21.18535819,54
5046,21.18894227,775
5047,21.19097381,99
5048,21.20547349,775
5049,21.20547423,807
5050,21.20683125,99
5051,21.21397206,206
5052,21.21600937,203
5053,21.22007914,131
5054,21.22620018,195
5055,21.22846036,635
5056,21.22846079,631
5057,21.22846087,631
5058,21.2292932,99
5059,21.22976367,103
5060,21.24726276,631
5061,21.2472634,663
5062,21.24892132,99
5063,21.27017674,663
5064,21.27395332,99
5065,21.27442861,195
5066,21.28522356,193
5067,21.29023948,615
5068,21.29024001,991
5069,21.29024006,615
5070,21.29121773,103
5071,21.29226987,99
5072,21.30874793,611
5073,21.30874855,611
5074,21.30999964,99
5075,21.31977894,643
5076,21.32015732,189
5077,21.32159557,178
5078,21.32836392,643
5079,21.33017551,99
5080,21.33318871,202
5081,21.33693031,175
5082,21.34761637,847
5083,21.34925787,210
5084,21.37079077,843
5085,21.37410768,99
5086,21.38961993,202
5087,21.39394167,875
5088,21.39420222,547
5089,21.3950981,99
5090,21.39847926,190
5091,21.3991034,200
5092,21.40179061,547
5093,21.401791,547
5094,21.40302173,99
5095,21.41121884,579
5096,21.41803531,206
5097,21.41906351,579
5098,21.41974747,99
5099,21.4295234,867
5100,21.43812773,206
5101,21.44443508,867
5102,21.45326656,99
5103,21.45804059,199
5104,21.46074449,899
5105,21.47078026,655
5106,21.47211525,99
5107,21.48191414,655
5108,21.48648792,99
5109,21.48810282,99
5110,21.49337368,210
5111,21.49555039,655
5112,21.50448469,655
5113,21.5055523,99
5114,21.50601974,195
5115,21.50790815,200
5116,21.51378637,687
5117,21.52020676,205
5118,21.52448765,687
5119,21.52573239,99
5120,21.5342825,855
5121,21.55417541,855
5122,21.55643328,99
5123,21.55906758,206
5124,21.56311823,106
5125,21.56311894,106
5126,21.56311905,883
5127,21.57173925,206
5128,21.57690446,579
5129,21.57819798,99
5130,21.58714048,579
5131,21.58714123,579
5132,21.58881633,99
5133,21.5980292,575
5134,21.60642491,607
5135,21.60771794,99
5136,21.60985571,192
5137,21.61089157,186
5138,21.61357704,607
5139,21.63394933,196
5140,21.63437527,855
5141,21.63903999,99
5142,21.6448997,855
5143,21.65660055,887
5144,21.65806806,99
5145,21.66373775,202
5146,21.66758771,647
5147,21.66758802,647
5148,21.66918332,103
5149,21.67903771,202
5150,21.68629319,647
5151,21.68629406,647
5152,21.68784429,99
5153,21.69735155,191
5154,21.70765492,679
5155,21.7081641,679
5156,21.71107909,99
5157,21.72090021,201
5158,21.72493731,198
5159,21.73461043,202
5160,21.7510278,1351
5161,21.75848865,643
5162,21.75986476,99
5163,21.76837079,643
5164,21.76902177,198
5165,21.7783666,643
5166,21.78020934,99
5167,21.7834407,194
5168,21.79035694,675
5169,21.80063615,675
5170,21.80214215,99
5171,21.80686511,108
5172,21.82654475,191
5173,21.82741257,194
5174,21.83133049,803
5175,21.84123069,185
5176,21.84386638,803
5177,21.84386661,99
5178,21.84759808,99
5179,21.84867453,835
5180,21.85043102,197
5181,21.8619697,587
5182,21.8638109,99
5183,21.8722531,587
5184,21.88095818,93
5185,21.8825549,97
5186,21.88269498,587
5187,21.88269539,587
5188,21.88306238,60
5189,21.88427414,103
5190,21.88880051,198
5191,21.89235649,587
5192,21.89343499,99
5193,21.89902877,101
5194,21.89942263,105
5195,21.89985015,60
5196,21.90251705,619
5197,21.9037026,191
5198,21.90405854,186
5199,21.91009124,619
5200,21.91094544,99
5201,21.92002735,619
5202,21.93268335,1079
5203,21.9377504,99
5204,21.94207197,103
5205,21.94207225,551
5206,21.94317108,103
5207,21.94959225,193
5208,21.95418064,551
5209,21.9561128,99
5210,21.95708439,195
5211,21.9644002,551
5212,21.96979824,192
5213,21.98153468,196
5214,21.98161126,551
5215,21.98193276,60
5216,21.98262298,99
5217,21.98418166,583
5218,21.98418197,583
5219,21.9855119,99
5220,22.00279055,93
5221,22.00319368,851
5222,22.00357367,171
5223,22.00654069,132
